station,city,email-href
WKXN,"Fort Deposit, AL",wkxn@wkxn.com
WJHO,"Alexander City, AL",wjho@wjhofm.com
Fox 107.7,"Georgiana, AL",wfxx@fox107.com
WJIK,"Fulton, AL",kelly@kdkr.org
WOW 90.9,"Brewton, AL",info@wowradio.org
WTBF-FM,"Brundidge, AL",wtbfjennifer@troycable.net
the Q,"Camden, AL",info@q905.com
Eagle 102.3,"Roanoke, AL",welr@eagle1023.com
The Life FM,"Monroeville, AL",info@thelifefm.com
WFAZ,"Goodwater, AL",bradley@vision909.com
WAMI-FM,"Opp, AL",wami@oppcatv.com
Kowaliga Country 97.5,"Goodwater, AL",jfktiger@gmail.com
WFEB,"Sylacauga, AL",wfeb1340@mysylacauga.com
WAAO,"Andalusia, AL",programming@waao.com
Big Country,"Addison, AL",info@WQAH.com
Alabama 100.7 FM,"Ashland, AL",alabama1007@aol.com
Bama 106.1,"Grove Hill, AL",radiocenterjackson@yahoo.com
KUHB-FM,"Saint Paul, AK",waltgregg@kuhbradio.org
KSDP,"Sand Point, AK",GM@ ksdpradio.com
KRBD,"Ketchikan, AK",gm@krbd.org
KNOM-FM,"Nome, AK",knomgeneralmanager@gmail.com
KIYU-FM,"Galena, AK",raven@kiyu.com
KDLL,"Kenai, AK",allen@KDLLradio.org
KFMJ,"Ketchikan, AK",kfmj@alaska.fm
KICY,"Nome, AK",dennisw@kicy.org
KCAM,"Glennallen, AK",kcam@kcam.org
KBBI,"Homer, AK",dave@kbbi.org
KMXT-HD2,"Kodiak, AK",gm@kmxt.org
Icy 100.3 FM,"Nome, AK",dennisw@kicy.org
KCAW,"Sitka, AK",raven@kcaw.org
KIAM-FM,"North Nenana, AK",alaskaradio@vfcm.org
KDLG,"Dillingham, AK",kdlg@dlgsd.org
Victory Radio,"Naknek, AK",kakn@kakn.org
Radio Kenai,"Soldotna, AK",rken18@radiokenai.com
KDLG-FM,"Dillingham, AK",kdlg@dlgsd.org
Terminal Radio,"Valdez, AK",gm@kchu.org
KMXT,"Kodiak, AK",gm@kmxt.org
KMXT-HD3,"Kodiak, AK",gm@kmxt.org
KCUK,"Chevak, AK",Nauliaran@yahoo.com
KOTZ,"Kotzebue, AK",jgreene@kotz.org
Island 92,"Pago Pago, AS",info@ksbsfm92.com
KNWJ,"Leone, AS",info@fm104.org
93KHJ,"Pago Pago, AS",sunrise@khjradio.com
V103,"Faga`itua, AS",info@wvuv.com
Z-93.3,"Page, AZ",dantheman@kxaz.com
KAWC-FM,"Yuma, AZ",brenda.badilla@kawc.org
KWIM,"Window Rock, AZ",office@hilltopchristian.com
Majik 100.7,"Duncan, AZ",traffic@kjik.fm
KKYZ,"Sierra Vista, AZ",info@kkyz.com
KGPS-LP,"Kingman, AZ",calvarykingman@gmail.com
KJPN,"Payson, AZ",contact@radio74.org
Hopi Radio,"Hotevilla, AZ",info@kuyi.net
KBLU,"Yuma, AZ",jeffedwards@edbroadcasters.com
Puro Radio Amigo,"Wellton, AZ",pepeton.radioamigo@yahoo.com
La Campesina,"Wellton, AZ",admin@campesinainfo.com
Gila 101.9,"Miami, AZ",radio@gila1019.com
Majik 101.7,"Springerville, AZ",mail@majik101.com
KMOG,"Payson, AZ",kmog@1420kmog.com
Q Country 92.5,"Eagar, AZ",mail@qcountry92.com
KYET,"Golden Valley, AZ",saleskgmn@gmail.com
KNOG,"Nogales, AZ",knog@lwrn.org
The Cave,"Benson, AZ",me@cavefm.com
X Wave,"Tanque Verde, AZ",marklucke@qwestoffice.net
KWFH,"Parker, AZ",info@kwfh.org
KNLB,"Lake Havasu City, AZ",info@knlb.com
Radio Free Bisbee,"Bisbee, AZ",kbrp@kbrp.org
KJAA,"Globe, AZ",radio@jukebox1240.com
KAWC,"Yuma, AZ",brenda.badilla@kawc.org
KPUP-LP,"Patagonia, AZ",admin@kpup.info
Outlaw 95.9,"Globe, AZ",info@outlaw959.com
KLPZ,"Parker, AZ",info@klpz1380.com
Star 100.9,"Yuma, AZ",jeffedwards@edbroadcasters.com
Storm 96.5,"Show Low, AZ",wmrtraffic@gmail.com
KRIM-FM,"Payson, AZ",info@krimfm.com
KYRM,"Yuma, AZ",kyrm@lwrn.org
KQEW,"Fordyce, AR",kbjt@windstream.net
Mountain Country 94,"Viola, AR",roy@mountainhomeradio.com
Magic 104.5,"Camden, AR",helenaregood@yesradioworks.com
Z100.7,"Kensett, AR",grantcarey@crainmedia.com
KXRJ,"Russellville, AR",mmorris@atu.edu
KWCK-FM,"Searcy, AR",heathshelby@crainmedia.com
The Stallion,"Pangburn, AR",grantcarey@crainmedia.com
KCAT,"Pine Bluff, AR",em@lordradio.com
Force 3 Radio,"West Helena, AR",force2@sbcglobal.net
Classic Hits 105.3,"Mena, AR",menaradio@aol.com
KCJC-FM,"Dardanelle, AR",rich@rivervalleyradio.com
KCMH,"Mountain Home, AR",lorra@kcmhradio.com
102 The Good Path,"De Queen, AR",102thegoodpath@gmail.com
KXIO,"Clarksville, AR",office@kxio-fmradio.com
KFFB,"Fairfield Bay, AR",Bob@kffb.com
Cool 104,"Des Arc, AR",hotrod@cool1047.com
KAWX-LP,"Mena, AR",w5awx@live.com
KVHU,"Judsonia, AR",KVHU@harding.edu
Mountain Talk 97,"Calico Rock, AR",scott@mountainhomeradio.com
The Bull,"Magness, AR",thebull@crainmedia.com
K97,"Camden, AR",radioworks@cablelynx.com
KCAC,"Camden, AR",vwilson@sautech.edu
KLLN,"Newark, AR",SouthernGospelRadio@ymail.com
KDQN-FM,"De Queen, AR",numberonecountry@yahoo.com
KMUD,"Garberville, CA",tunein@kmud.org
KCNO,"Alturas, CA",englishradio@edimediainc.com
Broken FM,"Hopland, CA",korb@broken.fm
K-Wine,"Ukiah, CA",cherie@kwine.com
KZIQ-FM,"Ridgecrest, CA",sunsetmedia@verizon.net
KVMR,"Nevada City, CA",news@kvmr.org
KXO-FM,"El Centro, CA",kxoamfm@kxoradio.com
Pilgrim Radio,"Bishop, CA",friar@schat.com
KXO,"El Centro, CA",kxoamfm@kxoradio.com
KHSU,"Arcata, CA",admin@khsu.org
991 KISS FM,"Ferndale, CA",randy@kjny.net
KRSF,"Ridgecrest, CA",Pogge@KRSF.NET
KVML,"Sonora, CA",info@kvmlam.com
K-Chapel 97.1,"Arcata, CA",radio@kchapel.com
The Knack,"Needles, CA",info@theknack107.com
KZYX,"Philo, CA",gm@kzyx.org
KQNY,"Quincy, CA",kqny@att.net
The Skunk FM,"Mendocino, CA",bobkunk@email.com
KIDE Radio,"Hoopa, CA",kide@hoopa-nsn.gov
KRHV,"Big Pine, CA",kmmtradioworks@yahoo.com
Radio Mexicana,"Gerber, CA",radiomexicana997@gmail.com
KMMT,"Mammoth Lakes, CA",kmmtradioworks@yahoo.com
The COAST,"Fort Bragg, CA",TheCoast@KOZT.com
KMEC-LP,"Ukiah, CA",programming@kmecradio.org
The Bay,"Trinidad, CA",thebay955@gmail.com
KCRE-FM,"Crescent City, CA",kcre@charter.net
The Oasis,"Indian Wells, CA",959theoasis@markerbroadcasting.com
KGBA,"Heber, CA",espanol@kgba.org
The Edge,"El Centro, CA",victor@953edge.com
KRKC-FM,"King City, CA",bill@krkc.com
Radio Bilingue,"Blythe, CA",epaala@radiobilingue.org
The Tide,"Gualala, CA",TheTide@mcn.org
93 JDX,"Susanville, CA",suzanne@theradionetwork.com
Z 93-7 FM,"Ridgecrest, CA",chuck@kzfxfm.com
Radio Lobo,"Soledad, CA",radiolobo@wolfhouseradio.net
KFOK-LP,"Georgetown, CA",webmaster@kfok.org
KNYO-LP,"Fort Bragg, CA",bobb@poetworld.net
KGBA-FM,"Holtville, CA",kgbaradio@gmail.com
St. John Paul II Catholic Radio,"El Centro, CA",info@jp2radio.com
KSLG-FM,"Arcata, CA",studio@kslg.com
The EDGE,"McKinleyville, CA",rendsley@natadco.com
KFMU-FM,"Oak Creek, CO",john@alwaysmountaintime.com
The Mountain,"Breckenridge, CO",ksmtstudio@nrcbroadcasting.com
KWUF-FM,"Pagosa Springs, CO",admin@kwuf.com
KPMX,"Sterling, CO",andy@kpmx.com
Hippie Radio 97.5,"Poncha Springs, CO",mbottrell@kvrh.com
KISZ-FM,"Cortez, CO",kiss979@yahoo.com
KASF,"Alamosa, CO",kasf909fm@gmail.com
KIUP,"Durango, CO",fcb@frontier.net
KZBR,"Alamosa, CO",admin@kzbr971.com
KCRT-FM,"Trinidad, CO",kcrt@comcast.net
KMPZ,"Salida, CO",kcme@kcme.org
KRSJ,"Durango, CO",fcb@frontier.net
KVAY,"Lamar, CO",deb@kvay.com
KGIW,"Alamosa, CO",info@kgiwkalq.com
KSLV,"Monte Vista, CO",kslv@amigo.net
Eagle Country,"Buena Vista, CO",ron@kvrh.com
X Rock 105.3,"Durango, CO",INFO@xrock105.com
Free Range Radio,"Salida, CO",info@khen.org
The Blast,"Montrose, CO",news@coloradoradio.com
KATR-FM,"Otis, CO",medialogic@kci.net
Krystal 93,"Frisco, CO",john@krystal93.com
Mountain Chill 95.5 FM,"Mountain Village, CO",dj@mountainchill.com
KCRT,"Trinidad, CO",kcrt@comcast.net
The Reel,"Hayden, CO",john@alwaysmountaintime.com
KJOL-FM,"Montrose, CO",info@kjol.org
KDUR,"Durango, CO",kdur@fortlewis.edu
KIQX,"Durango, CO",fcb@frontier.net
KLZR,"Westcliffe, CO",info@klzr.org
KSLV-FM,"Del Norte, CO",kslv@amigo.net
The Ranch,"Salida, CO",ron@kvrh.com
KRDZ,"Wray, CO",krdz@medialogicradio.com
KSUT,"Ignacio, CO",sheila@ksut.org
WFDU,"Teaneck, NJ",barrys@fdu.edu
The Q 99.7,"Feeding Hills, MA",contact@wlcq.com
WSHU,"Westport, CT",tkuser@wshu.org
WEHM,"East Hampton, NY",Lauren@wehm.com
WEER,"Montauk, NY",info@hamptonscommunityradio.org
Amor 93.1,"Paterson, NJ",info@931amor.com
WLIX,"Coram, NY",info@wlix.fm
Sound of Life Radio,"Pawling, NY",email@soundoflife.org
WEEI,"Westerly, RI",smclaughlin@entercom.com
106.1 BLI,"Patchogue, NY",wbli@wbli.com
Soft Rock 106.5,"Pawcatuck, CT",programming@wbmw.com
Bay Ridge Community Radio,"New York, NY",contact@bayridgeradio.com
WTCC,"Springfield, MA",serephem@aol.com
Star 99.9,"Bridgeport, CT",Keith.Dakin@ConnoisseurCT.com
Family Radio Network East,"Mount Kisco, NY",familyradio@familyradio.org
WDJZ,"Bridgeport, CT",wdjzradio@sbsglobal.net
WSLX,"New Canaan, CT",wslx@stlukesct.org
WFCR-HD2,"Amherst, MA",radio@wfcr.org
WFSO,"Newburgh, NY",dce@redeemerbroadcasting.org
88-X,"Brentwood, NY",wxba88x@yahoo.com
Bomba FM,"Waterbury, CT",brianram@wbmw.com
WVOF,"Fairfield, CT",wvoffm@gmail.com
WAMC 2,"Mount Kisco, NY",mail@wamc.org
Fine Arts Radio,"Old Saybrook, CT",info@wmnr.org
The Arrow,"Lake Ronkonkoma, NY",wshr@sachem.edu
Radio Visión Cristiana,"Mount Kisco, NY",dtirado@radiovision.net
Radio Cumbre,"Bridgeport, CT",info@radiocumbre.am
The Hall,"Springfield, MA",lucie.grondin@citcomm.com
WFCS,"New Britain, CT",wfcstech@gmail.com
AM 570 The Mission,"New York, NY",om@nycradio.com
Hot 97,"New York, NY",hot97@hot97.com
102.9 The Whale,"Hartford, CT",Keith.Dakin@ConnoisseurCT.com
WEEI,"Easthampton, MA",doldread@entercom.com
The Bridge,"Newark, NJ",info@bridgefm.org
99.1 PLR,"New Haven, CT",Keith.Dakin@ConnoisseurCT.com
KA1ZE FN31 144.205,"Tolland, CT",wa4zko@yahoo.com
The Buzz,"Ashaway, RI",chris@wblq.net
WQXR-FM,"Ossining, NY",listenerservices@wqxr.org
WAMC-FM,"Mount Kisco, NY",mail@wamc.org
WAVZ,"New Haven, CT",webmaster3@clearchannel.com
Fresh 102.7,"New York, NY",webmaster@Fresh1027.com
WYBC-FM,"New Haven, CT",info@wybc.com
WVOX,"New Rochelle, NY",don@wvox.com
WBLQ,"Westerly, RI",Chris@WBLQ.Net
WXLM,"Groton, CT",patrick.trayes@citcomm.com
WMRD,"Middletown, CT",office@wliswmrd.net
WCSE-LP,"Ledyard Center, CT",info@wcse.org
94.9 News Now,"Montauk, NY",news@949newsnow.com
WRCR,"Ramapo, NY",info@wrcr.com
Mid Hudson News Radio,"Newburgh, NY",news@midhudsonnews.com
WPDH,"Poughkeepsie, NY",garycee@wpdh.com
Progressive Talk 1400,"East Longmeadow, MA",dmus@whmp.com
WRIV,"Riverhead, NY",1390wriv@gmail.com
Radio 104.1,"Waterbury, CT",requests@radio1041.fm
89.9 Qute,"Hartford, CT",WQTQFM@YAHOO.COM
WZBG,"Litchfield, CT",musicrequests@wzbg.com
WTHE,"Mineola, NY",Dgreggs10@aol.com
Family Radio Network East,"New York, NY",familyradio@familyradio.org
WNYU-FM,"New York, NY",general.manager@wnyu.org
Bomba FM,"Bridgeport, CT",brianram@wbmw.com
WNYK,"Nyack, NY",WNYK@nyack.edu
WHPC,"Garden City, NY",whpc@ncc.edu
The Peak,"Briarcliff Manor, NY",studio@1071thepeak.com
Party 105.3,"Calverton, NY",johnc@moreyorg.com
WCTY,"Norwich, CT",studio@wcty.com
95.5 PLJ,"New York, NY",Carter.Wyckoff@citcomm.com
91.1 K-LOVE Radio WTKL,"Westerly, RI",klove@klove.com
WECS,"Willimantic, CT",wecs@easternct.edu
WATR,"Waterbury, CT",talkback@WATR.com
77 WABC,"New York, NY",carter.wyckoff@citcomm.com
WMRD,"Old Saybrook, CT",office@wliswmrd.net
Mega 97.9 FM,"New York, NY",AEscudero@sbsnewyork.com
Lite 100.5 WRCH,"New Britain, CT",acamp@cbs.com
WRHU,"Hempstead, NY",wrhu@wrhu.org
WLIB,"New York, NY",info@wlib.com
WWUH,"West Hartford, CT",wwuh@hartford.edu
Connecticut Dept.of Public Utility Control,"New Britain, CT",dpuc.information@po.state.ct.us
Fine Arts Radio,"Middlefield, CT",info@wmnr.org
WNHH-LP,"New Haven, CT",wnhh@newhavenindependent.org
Catolica Springfield,"Springfield, MA",catolicaspringfield@gmail.com
WHUS,"Storrs, CT",info@whus.org
La Puertorriqueñisima,"Bristol, CT",wprx1120@comcast.net
MAX FM,"Bay Shore, NY",webmaster@connoisseurli.com
WCSE-LP,"Montville Center, CT",info@wcse.org
WCNI,"New London, CT",wcni@conncoll.edu
AM 790,"Providence, RI",ron@790business.com
WOR 710 AM,"New York, NY",webmaster@wor710.com
Country Hits HD,"New Rochelle, NY",info@countryhitshd.com
WSHU-FM,"Noyack, NY",tkuser@wshu.org
Radio Redentor,"Holyoke, MA",info@redentorfm.com
WFAR,"Waterbury, CT",wfar@radiofamilia.com
WLIE,"Islip, NY",nyradiostation@aol.com
WAPJ,"Torrington, CT",john@wapj.org
WNPR,"Stamford, CT",bmessina@cpbn.org
WLAD,"Danbury, CT",wladnewsroom@yahoo.com
Relevant Radio,"Newark, NJ",info@relevantradio.com
BBOX Radio,"Brooklyn, NY",info@bboxradio.com
New England Public Radio,"Amherst, MA",radio@wfcr.org
The Life FM,"Baptist Village, MA",info@thelifefm.com
Q 105,"Groton, CT",patrick.trayes@citcomm.com
METRO FM,"New York, NY",lametrofm@gmail.com
WNHU,"West Haven, CT",wnhu887@gmail.com
WHUD,"Peekskill, NY",spetrone@whud.com
Restauracion 96.9 FM,"New Britain, CT",restauracion1620@gmail.com
K-98.3,"Hempstead, NY",webmaster@connoisseurli.com
WKND,"Windsor, CT",clm1480am@yahoo.com
WUSB,"Stony Brook, NY",md@wusb.fm
WNPR,"Meriden, CT",bmessina@cpbn.org
WFAN Sports Radio,"New York, NY",fanmail@wfan.com
WSPR,"Springfield, MA",power1270@gmail.com
WQXR-FM,"New York, NY",listenerservices@wqxr.org
WJMJ,"Hamden, CT",studio@wjmj.org
WERB,"Berlin, CT",cwolfe@berlinschools.org
WAMC-FM,"Newburgh, NY",mail@wamc.org
WEBE 108,"Westport, CT",curt.hansen@cumulus.com
Family Radio Network East,"Smithtown, NY",familyradio@familyradio.org
106.7 Lite fm,"New York, NY",jeaneanebrennan@clearchannel.com
Roxy FM,"New London, CT",jreed@hallradio.com
B107.3,"Ridgefield, CT",feedback@b1073fm.com
WSDK,"Bloomfield, CT",Info@WSDK1550.com
radiosonfm,"New York, NY",jmeza@radiosonfm.com
Q92,"Poughkeepsie, NY",KenyaGipson@clearchannel.com
WFUV,"New York, NY",thefolks@wfuv.org
WBAB,"Babylon, NY",wbab@wbab.com
Renew FM,"Bradford, RI",info@renewfm.org
WQAQ,"Hamden, CT",jjgutierrez@quinnipiac.edu
NEPR News Network,"Westfield, MA",webmaster@nepr.net
WJMJ,"Hartford, CT",studio@wjmj.org
ESPN New York,"New York, NY",jeff.skopin@espnradio.disney.com
WCCH,"Holyoke, MA",wcchmusic@hotmail.com
96.5 TIC,"Hartford, CT",srsalhany@cbs.com
95.9 The Fox,"Southport, CT",Keith.Dakin@ConnoisseurCT.com
Radio Woodstock WDST,"Newburgh, NY",buff@wdst.com
WQUN,"Hamden, CT",wqun@quinnipiac.edu
WESU,"Middletown, CT",wesu@wesufm.org
WFAR,"Danbury, CT",wfar@radiofamilia.com
WGCH,"Greenwich, CT",rocco.forte@wgch.com
The Wolf 102.3,"Stonington, CT",bonnie.gomes@citcomm.com
107.3 K-LOVE Radio KLVS,"Hartford, CT",klove@klove.com
Fine Arts Radio,"Monroe, CT",info@wmnr.org
WBAI,"New York, NY",editor@wbai.org
WACC-LP,"Enfield, CT",waccfm@yahoo.com
WICC,"Bridgeport, CT",curt.hansen@cumulus.com
Westcott Radio,"New York, NY",info@westcottradio.org
KISS 95.7,"Hartford, CT",KellyLeClair@clearchannel.com
WLNG,"Sag Harbor, NY",info@wlng.com
WADO,"New York, NY",wado1280@univision.com
WDUP-LP,"New London, CT",929wdup@gmail.com
Ultra Radio,"New Haven, CT",stationmanager@ultraradio.com
WSHU-FM,"Fairfield, CT",tkuser@wshu.org
WFAR,"Naugatuck, CT",wfar@radiofamilia.com
WLIX,"Ridge, NY",info@wlix.fm
98-Q,"Danbury, CT",requests@98q.com
WCBS-FM,"New York, NY",webmaster@wcbsfm.com
Wolverine Radio,"Norwich, CT",info@mygriswold.com
WA2XMN,"Alpine, NJ",wa2xmn@ar88.net
Power 88.1 FM,"Valhalla, NY",thedjuneeq@gmail.com
WIHS,"Middletown, CT",wihs@snet.net
WBLS,"New York, NY",info@wbls.com
The Shark,"Smithtown, NY",webmaster@connoisseurli.com
1080 WTIC NEWSTALK,"Farmington, CT",jllee@cbs.com
WNYC-FM,"New York, NY",listenerservices@wnyc.org
WJZZ,"Newburgh, NY",bud@HVPR.org
WNLC,"Norwich, CT",feedback@wnlc.com
WNYC-AM,"New York, NY",listenerservices@wnyc.org
WHLI,"Hempstead, NY",webmaster@connoisseurli.com
WRTC-FM,"Hartford, CT",stationmanager@wrtcfm.com
X96.3,"New York, NY",x963fm@univision.com
La Nueva,"Paterson, NJ",info@lanuevafm.net
Mega 910,"New Britain, CT",pgois@goisbroadcasting.com
NewsRadio 560 WHYN,"Springfield, MA",webmaster@whyn.com
Rock 102,"Springfield, MA",LDiana@Springfieldrocks.com
Family Radio Network East,"Vernon, CT",familyradio@familyradio.org
810 & 103.1 WGY,"Schenectady, NY",wgy@clearchannel.com
96.7 K-LOVE Radio WKLV,"Port Chester, NY",klove@klove.com
94.7 WMAS,"Enfield, CT",lucie.grondin@citcomm.com
Amityville Community Radio,"Amityville, NY",acradio1@verizon.net
Latina 1230,"Manchester, CT",pgois@goisbroadcasting.com
News Talk 630 WPRO-AM,"Providence, RI",patrick.austin@citcomm.com
WCWP,"Brookville, NY",wcwp@cwpost.liu.edu
WFAS,"White Plains, NY",bob.barnum@cumulus.com
WJLU,"New Smyrna Beach, FL",wjlu@wjlu.org
Family Radio 1490,"Winter Haven, FL",info@rejoice1490.com
Real Radio 94.3 WZZR,"Riviera Beach, FL",AndrewBednar@clearchannel.com
C-SPAN Radio,"Washington, DC",radio@c-span.org
97.1 WASH-FM,"Washington, DC",lookatz@clearchannel.com
AM 1190 News,"Pine Castle, FL",web@radiogenesis.com
Relevant Radio,"Mount Holly, NJ",info@relevantradio.com
Sunny 106,"Fort Myers, FL",randy.sherwyn@bbgi.com
iradiophilly Laugh Tracks,"Philadelphia, PA",iradiophilly@gmail.com
Gold 99,"Silver Springs Shores, FL",info@gold99fm.com
WNAV,"Annapolis, MD",billlusby@wnav.com
Fox Sports 1290,"Wilmington, DE",valerieallston@clearchannel.com
95.1 WAPE,"Jacksonville, FL",todd.shannon@coxinc.com
X102.9,"Jacksonville, FL",aaron.schachter@coxinc.com
93X,"Sanibel, FL",jim@93x.fm
The ARROW,"Naples, FL",programmanager@classicrock945.com
WROS,"Jacksonville, FL",wros@wros.net
WNZF,"Beverly Beach, FL",marc@wnzf.com
WAOA-FM,"Melbourne, FL",lisa@wa1a.com
La Capital,"Alexandria, VA",wtntamfm@gmail.com
Kickin' Country 1170,"Bushnell, FL",wkfl1170am@gmail.com
Sunrise City Radio,"Fort Pierce, FL",info@sunrisecityradio.com
WMNF Extra,"Tampa, FL",web@wmnf.org
WWNN,"Pompano Beach, FL",duff@bbgiboca.com
WUFT-FM,"Gainesville, FL",radio@wuft.org
Cat Country 98.7,"Pensacola, FL",comments@CatCountry987.com
Radio Nueva Vida,"Jacksonville, FL",info@nuevavida.com
WDLN-LP,"Dunnellon, FL",wow104@bellsouth.net
WZEP,"De Funiak Springs, FL",wzep@wzep1460.com
iradiophilly Sapphire,"Philadelphia, PA",iradiophilly@gmail.com
WGUF,"Marco, FL",rsavage@rendabroadcasting.com
Nash FM 102.7,"Milton, FL",request@wxbm.com
ESPN 580 Orlando,"Orlando, FL",levi.may@coxinc.com
Star 94.5,"Daytona Beach, FL",kevin.gardner@coxradio.com
News Radio,"Vero Beach, FL",jimd@wgylfm.com
WTJT,"Baker, FL",wtjtradio@yahoo.com
Smooth Jazz 105.9 HD2,"Woodbridge, VA",Jay.Gleason@citcomm.com
The Strip,"Baltimore, MD",gregcarpenter@1019litefm.com
Gospel 90.3,"Haines City, FL",requests@gospel903.com
Lite Rock 99.3,"Cocoa, FL",michaellowe@clearchannel.com
WWBC,"Cocoa, FL",paul@gospelstudy.net
Godsquad,"Titusville, FL",wpio@gate.net
The Bone,"Sarasota, FL",102.5comments@coxtampa.com
Radio Newark,"Newark, DE",steve@radionewark.org
K92.3 Orlando's Country,"Orlando, FL",len.shackelford@coxradio.com
iradiophilly The Plateau,"Philadelphia, PA",iradiophilly@gmail.com
K-Country,"Ocala, FL",ncfmrbob@earthlink.net
Family Radio Network East,"Stuart, FL",familyradio@familyradio.org
Hank FM,"Trenton, FL",kevin.mangan@marcradio.com
102.9 MGK,"Philadelphia, PA",bweston@WMGK.com
Twang 106.7,"Fort Myers, FL",SuperDaveLogan@Twangme.net
WBAL,"Baltimore, MD",smasteller@hearst.com
iRadioPhilly Live Broadcast,"Philadelphia, PA",iradiophilly@gmail.com
WXCY,"Havre de Grace, MD",loyallistener@wxcyfm.com
640 Sports,"Royal Palm Beach, FL",listener@640sports.com
iradiophilly Magic,"Philadelphia, PA",iradiophilly@gmail.com
Q92,"Ocala, FL",challmark@jvcbroadcasting.com
WOKV,"Atlantic Beach, FL",news@wokv.com
Radio Vida 97.7 FM,"Dale City, VA",Radiovidava@gmail.com
Talk Radio 1210 WPHT,"Philadelphia, PA",1210promotions@cbsradio.com
WJCT,"Jacksonville, FL",techsupport@wjct.org
92Q Jams,"Baltimore, MD",neke92@aol.comz
WJGM,"Baldwin, FL",wjgmfm@gmail.com
810 CBS Sports Radio Orlando,"Orlovista, FL",810cbssportsorlando@gmail.com
96 Rock,"Orlando, FL",greg.stevens@coxradio.com
105.9 SUNNY FM,"De Land, FL",rick.stacy@cbsradio.com
WCNO,"Palm City, FL",wcno@wcno.com
Gator Country,"Jacksonville, FL",rhill@rendabroadcasting.com
ESPN 980,"Washington, DC",management@espn980.com
Family Radio Network East,"Jacksonville, FL",familyradio@familyradio.org
The Lighthouse 89.3,"Folkston, GA",wecc@thelighthousefm.org
107.3 K-LOVE Radio KLVS,"San Carlos Park, FL",klove@klove.com
WRTI Classical,"Philadelphia, PA",contact@wrti.org
iradiophilly Skin Radio,"Philadelphia, PA",iradiophilly@gmail.com
Rumba fm,"Baltimore, MD",WTTZLP@GMAIL.COM
WDCT,"Fairfax, VA",1310@wdct.net
Solid Gold 106,"Fort Myers, FL",randster@solidgold106.com
FM 102.5 / AM 540 WFLA,"Pine Hills, FL",tombenson@clearchannel.com
Smooth FM,"Gainesville, FL",challmark@jvcbroadcasting.com
Poder 1030,"Indian Head, MD",radio@wwgb.com
WELE,"Ormond Beach, FL",larrysteelemedia@gmail.com
WRMB,"Okeechobee, FL",wrmb@moody.edu
WEAA,"Baltimore, MD",michele.williams@morgan.edu
Moody Radio Florida,"Lakeland, FL",moodyradiooffice@moody.edu
WUWF-HD2,"Pensacola, FL",wuwf@wuwf.org
WMMR,"Philadelphia, PA",webmaster@wmmr.com
WMMO,"Orlando, FL",wes.halliwell@coxradio.com
WAPN,"Holly Hill, FL",wapn@wapn.net
WCEI-FM,"Dover, DE",studio@wceiradio.com
VivaLaVoce,"Washington, DC",fmlistener@weta.org
WAVV,"Naples, FL",albaxa@wavv101.com
WAFC,"Clewiston, FL",dialdeal@wafcamfm.com
WDCN-LP,"Fairfax, VA",wtorrezlanueva877@gmail.com
Local 840,"Mims, FL",wpgs840@aol.com
Rowan Radio,"Glassboro, NJ",wgls@rowan.edu
The Journey,"Woodbridge, VA",office@myjourneyfm.com
The Voice,"Lancaster, PA", postmaster@wdac.com
Reach FM,"Port Charlotte, FL",info@reachfm.org
WFAN Sports Radio,"De Land, FL",fanmail@wfan.com
Talk 790,"Pensacola, FL",scott@talk790.com
Radio Fairfax,"Fairfax, VA",askfpa@fcac.org
WYND,"De Land, FL",WYND@buddytuckerassociation.org
WFHT,"Avon Park, FL",wgbcfmgrover@yahoo.com
WIND-FM,"Silver Springs, FL",hunter@windfm.com
Ritmo Latino,"Gainesville, FL",jbutler@wruf.com
Onda 1340,"Clermont, FL",ondamexradio@aol.com
Ondas de Amor,"La Belle, FL",info@ondasdeamor.com
The Boulevard,"Cedar Creek, FL",garyandelaine@cox.net
740 The Game,"Maitland, FL",rickeverett@ccorlando.com
The Big I 105,"Ephrata, PA",jen.carlson@citcomm.com
WKDI,"Denton, MD",TheRemnantMinistry@msn.com
The ANSWER,"Altamonte Springs, FL",worl@salemorlando.com
LIFT FM,"Bridgeton, NJ",lift@lift985.com
WFBR,"Glen Burnie, MD",somwananchi@aol.com
ESPN Pensacola,"Pensacola, FL",amber@espnpcola.com
We Act Radio,"Dumfries, VA",info@weactradio.com
96 K Rock,"Bonita Springs, FL",cd@bbgi.com
Cavalier Radio,"Radnor, PA",wybf891@gmail.com
RADIO ESPERANZA 1280,"Lake Wales, FL",WIPC1280@yahoo.com
WMJS-LP,"Prince Frederick, MD",info@wmjs.org
Sports Talk 1080 The Team,"Kissimmee, FL",web@radiogenesis.com
KIX Country 98.7,"Palm Coast, FL",david@wnzf.com
WWDH-LP,"Fort Myers, FL",rob@tigerfm.com
Indie 97.9,"Baltimore, MD",indie979@hearst.com
La Raza,"Auburndale, FL",laraza1570@gmail.com
WOOK-LP,"Washington, DC",office@ok103.org
WFDM,"Fort Walton Beach, FL",salesdept@freedom945.com
Aviva Radio,"Lehigh Acres, FL",info@avivaradio107.com
The New AM 950 WTLN,"Orlando, FL",wtln@wtln.com
WGCU-FM,"Fort Myers, FL",atardif@wgcu.org
WOKV,"Jacksonville, FL",news@wokv.com
XL 106.7,"Tavares, FL",Webmaster@XL1067.com
WTGF,"Milton, FL",johng724@me.com
Coast 101.3,"Port Saint Lucie, FL",jcarr@coast1013.com
WAKJ,"De Funiak Springs, FL",WAKJradio@gmail.com
iradiophilly Bandstand,"Philadelphia, PA",iradiophilly@gmail.com
WMUC,"College Park, MD",program.wmuc@gmail.com
Lite 96.1,"Jacksonville, FL",gspurgeon@rendabroadcasting.com
ESPN Gainesville WRUF,"Gainesville, FL",jbutler@wruf.com
WINK-FM,"Fort Myers, FL",michael@winkfm.com
News Radio 1450 WILM,"Dover, DE",marthaburns@clearchannel.com
Reach FM,"Cypress Quarters, FL",info@reachfm.org
WURD,"Philadelphia, PA",info@900amwurd.com
WFTL,"West Palm Beach, FL",listener@850wftl.com
The Promise,"Fruit Cove, FL",contact@fm88.org
WNZF,"Bunnell, FL",marc@wnzf.com
News Radio 980 & 720,"Gainesville, FL",kevin.mangan@marcradio.com
95.1 SHINE-FM,"Baltimore, MD",info@951SHINEFM.com
WSJZ-FM,"Sebastian, FL",nicole.wyenberg@cumulus.com
WUCF-HD2,"Orlando, FL",chris@wucf.org
WFAX,"Falls Church, VA",wfax@wfax.com
Omega 95.9 fm,"Saint Cloud, FL",tony@omega959.com
Super Q 1300,"Tampa, FL",wqbnradio@gmail.com
The Beach,"Brunswick, GA",Contact@1023thebeach.com
WUCF,"Orlando, FL",wucfhost@ucf.edu
Hope FM,"Coatesville, PA",info@ccmarlton.org
The Duck,"Federalsburg, MD",theduck@mtslive.com
Atglen Fire Department,"Atglen, PA",info@atglenfire.com
The Palm,"North Palm Beach, FL",Chet@seaviewradio.com
1240 & 1350 WMMB,"Melbourne, FL",billmick@clearchannel.com
Holy Spirit Radio,"Coatesville, PA",1570am@holyspiritRadio.org
La Poderosa,"Miami, FL",info@lapoderosa.com
Classic Hits 102.9 & 1130,"Bartow, FL",news@wwbf.com
WKIQ,"Eustis, FL",info@wkiq1240.com
WPFW,"Washington, DC",info@wpfw.org
Hope FM,"Edgemere, MD",info@ccmarlton.org
WGOT-LP,"Gainesville, FL",technical@wgot.org
Z88.3 FM,"Palm Coast, FL",zcrew@zradio.org
107.3 K-LOVE Radio KLVS,"Starke, FL",klove@klove.com
WNDB,"Daytona Beach, FL",dlaing@daytonaradio.com
WFJV-LP,"Citronelle, FL",info@wfjv.net
WSBB,"New Smyrna Beach, FL",barbdiegel@wsbbradio.com
WGTS,"Takoma Park, MD",programming@wgts919.com
WEEU,"Reading, PA",weeu@weeu.com
iradiophilly Trinity,"Philadelphia, PA",iradiophilly@gmail.com
WVUD,"Newark, DE",ud.wvud@gmail.com
WJBR-FM,"Wilmington, DE",info@wjbr.com
95.1 SHINE-FM,"Camden, DE",info@951SHINEFM.com
93 BLX,"Mobile, AL",mark.mcmillen@cumulus.com
My Country,"Ocala, FL",challmark@jvcbroadcasting.com
WOL,"Washington, DC",cwegmann@radio-one.com
Old School Hip Hop,"Daytona Beach, FL",kevin.gardner@coxradio.com
97 Underground,"Baltimore, MD",97Underground@Comcast.Net
Z88.3 FM,"Union Park, FL",zcrew@zradio.org
iradiophilly BYO,"Philadelphia, PA",iradiophilly@gmail.com
WROD,"Daytona Beach, FL",frank@therockofdaytona.com
Catholic Radio,"Pensacola, FL",info@divinewordradio.com
Wow-FM,"High Springs, FL",wolf@jvcbroadcasting.com
98 ROCK,"Baltimore, MD",wiyyprogram@hearst.com
Urbana 92.7 FM,"Kissimmee, FL",info@urbana927.com
Fifth Dimension Radio 5DRadio,"Exton, PA",gene@5DRadio.com
iRadioPhilly Live Broadcast 2,"Philadelphia, PA",iradiophilly@gmail.com
WBOF-LP,"Fort Pierce, FL",mike@wbofradio.com
Rejoice Radio,"Pensacola, FL",rbn@rejoice.org
Gold 99,"La Crosse, FL",info@gold99fm.com
Reach FM,"Orlando, FL",info@reachfm.org
WCIF,"Melbourne, FL",info@wcif.com
NOAA Weather Radio,"Pensacola, FL",chuck@wunderground.com
iradiophilly Martini Lounge Radio,"Philadelphia, PA",tkelly@iradiophilly.com
WHYY-FM,"Philadelphia, PA",talkback@whyy.org
The Dove,"New Port Richey, FL",John.Larson@coxinc.com
Hits 106,"Spring Hill, FL",dj@trueoldies1063.com
WZAZ,"Jacksonville, FL",programming@wzaz.com
89.3 K-LOVE Radio KLOV,"Fort Myers, FL",klove@klove.com
WOLB,"Baltimore, MD",wolb1010@gmail.com
WUFT-HD2,"Gainesville, FL",radio@wuft.org
WDEL,"Canton, NJ",wdelnews@wdel.com
WBOB,"Jacksonville, FL",programming@600wbob.com
Citrus 95.3 FM,"Homosassa Springs, FL",r.molony@hotmail.com
Inspiration 1400,"Zephyrhills, FL",lola@tantalk1340.com
WAVA 780,"Arlington, VA",comment@wava.com
iradiophilly Rift,"Philadelphia, PA",iradiophilly@gmail.com
WLTG,"Panama City, FL",wltg@bellsouth.net
La Ley,"Manassas, VA",sales@metroradioinc.com
WHUR World,"Washington, DC",jwatkins@whur.com
WPHE,"Phoenixville, PA",radio690am@gmail.com
WNWR,"Philadelphia, PA",information@wnwr.com
News 96.5 WDBO,"Orlando, FL",levi.may@coxinc.com
WXPN,"Philadelphia, PA",wxpndesk@xpn.org
iradiophilly Y-Not Radio,"Philadelphia, PA",iradiophilly@gmail.com
Magic 101.3,"Williston, FL",info@magic1013.com
WGYL,"Vero Beach, FL",jimd@wgylfm.com
WNTP,"Philadelphia, PA",contactus@wntp.com
98.3 K-LOVE Radio WLVM,"Navarre, FL",klove@klove.com
WBQH,"Silver Spring, MD",pidela@lameramera1050.com
Big 100.3,"Washington, DC",vascobramao@clearchannel.com
B1039,"Cape Coral, FL",adam.star@bbgi.com
WMIE-FM,"Cocoa, FL",josh@ncnradio.com
WXEI-LP,"Crestview, FL",wxei@radio.fm
AM 1260 The Answer,"Washington, DC",comments@1260wrc.com
The Ticket,"Niceville, FL",beachsportsradio@gmail.com
WTYG,"Sparr, FL",station@wtygfm.org
Phillies 24/7,"Philadelphia, PA",jeffrey.sottolano@cbsradio.com
La X,"Bartow, FL",programacion@lax1460.com
Star 98.3,"Mechanicsville, MD",patrick@somdradio.com
WJRN-LP,"Summerfield, FL",radiofe95@gmail.com
Super 91.7,"Wilmington, DE",91.7WMPH@gmail.com
WFYL,"King of Prussia, PA",info@1180wfyl.com
AM 1060 News,"Titusville, FL",web@radiogenesis.com
iradiophilly Eight Ball,"Philadelphia, PA",iradiophilly@gmail.com
WDEL,"Wilmington, DE",wdelnews@wdel.com
More FM,"Philadelphia, PA",programming@morefmphilly.com
WZEU-LP,"Weeki Wachee, FL",management@wzeufm.com
98ROCK,"Clearwater, FL",doubledown@clearchannel.com
US 103-5,"Bradenton, FL",travisdaily@clearchannel.com
Classical WETA,"Washington, DC",fmlistener@weta.org
Victory 91.7,"Port Charlotte, FL",wvij@wvij.com
The Sky,"Micanopy, FL",tjhart@entercom.com
Radio Vida,"De Land, FL",radiovidaorlando@gmail.com
WMNF,"Tampa, FL",web@wmnf.org
iradiophilly Mustang,"Philadelphia, PA",iradiophilly@gmail.com
La Grande 1030,"Oviedo, FL",info@1030lagrande.com
Hot 99.5,"Washington, DC",requests@hot995.com
BBN English,"Belleview, FL",bbn@bbnradio.org
WIHW-LP,"Dover, DE",info@cbcofdover.com
The Eagle,"Jacksonville, FL",andy.meyer@coxradio.com
Family Radio Network East,"Baltimore, MD",familyradio@familyradio.org
iradiophilly Eleven,"Philadelphia, PA",iradiophilly@gmail.com
Reach Radio,"Christiana, DE",listenercare@myreachradio.com
Faith Talk 570,"Pinellas Park, FL",tammyb@salemtampa.com
101.9 AMP Radio,"Daytona Beach, FL",webmaster@1019ampradio.com
1250 WHNZ,"Tampa, FL",webmaster@whnz.com
Mega 105.7 FM,"Camden, NJ",webteam@mega1310am.com
1230 am WBZT,"West Palm Beach, FL",brianmudd@clearchannel.com
News Radio 980 & 720,"Hernando, FL",kevin.mangan@marcradio.com
WROD,"Ormond Beach, FL",frank@therockofdaytona.com
WCGL,"Jacksonville, FL",wcgl@aol.com
Cool 101.3,"Milford, DE",cool@cool1013.com
WTKS Orlando,"Cocoa Beach, FL",JeffWagstaff@wtks.com
WDLT,"Saraland, AL",mark.mcmillen@cumulus.com
The Source,"Tampa, FL",wmnf@wmnf.org
Ardiente Radio,"Marco, FL",info@ardienteradio.com
WUFT-FM,"Inverness, FL",radio@wuft.org
Word FM,"Radnor, PA",info@wordfm.org
WQCS-HD2,"Fort Pierce, FL",info@wqcs.org
WMET,"Gaithersburg, MD",jessical@grnonline.com
The Touch,"Gulf Breeze, FL",vernon@wrne980.com
WZCC,"Chiefland, FL",john@suncoastradio.com
WSBA,"York, PA",info@wsba910.com
WJNO,"Wellington, FL",ethanbriner@clearchannel.com
SupraFM,"Burlington, NJ",info@supra97.com
SNJ Today,"Bridgeton, NJ",socialmedia@snjtoday.com
The Seabreeze,"Miramar Beach, FL",info@seabreeze.fm
Air1 Radio,"Gainesville, FL",air1@air1.com
Radio Puissance Inter,"Jacksonville, FL",info@radiopuissanceinter.com
Z88.3 FM,"Haines City, FL",zcrew@zradio.org
1270 AM,"Eatonville, FL",1270am@gmail.com
106.7 The Fan,"Manassas, VA",CNKinard@cbs.com
WAVA-FM 105.1,"Arlington , VA",sales@wava.com
WRDV,"Philadelphia, PA",info@WRDV.org
Gospel Highway Eleven,"Norristown, PA",gospel@wnap1110am.com
Old School 100.3,"Media, PA",jdolby@radio-one.com
WKDU,"Philadelphia, PA",wkdu-gm@wkdu.org
WRBS,"Baltimore, MD",info@wrbs.com
WENG,"Englewood, FL",kenk@wengradio.com
Spirit FM,"Tampa, FL",contact@spiritfm905.com
AM 630 WMAL,"Washington, DC",chris.berry@citcomm.com
Genesis 680,"St. Petersburg, FL",evelyn@genesis680.com
La Zeta 105.3,"Nocatee, FL",info@lazeta.fm
G Town Radio,"Philadelphia, PA",info@gtownradio.com
WKTO,"New Smyrna Beach, FL",wkto@bellsouth.net
WHUR-FM,"Washington, DC",programming@whur.com
Magic 107.7 – Orlando,"Mount Dora, FL",laurakam@ccorlando.com
Latino 99.7,"Kissimmee, FL",info@latino997.com
The Zephyr,"Dade City, FL",Radio@WZPHFM.com
SWFL Local News,"Fort Myers, FL",FORBISHER@EARTHLINK.NET
98.5 KTK,"Crystal River, FL",gryan@entercom.com
WQCS,"Fort Pierce, FL",info@wqcs.org
WHYY-FM,"Bridgeton, NJ",talkback@whyy.org
WRDJ-LP,"Merritt Island, FL",wrdj@wrdj.com
WYRE,"Annapolis, MD",studio@810wyre.com
92.5 Fox News,"Estero, FL",ian@925FOXNews.com
All The Hits 107.3,"Washington, DC",Jay.Gleason@citcomm.com
Coast 93.3,"Shalimar, FL",kylie@wncv.com
WMOP,"Ocala, FL",Don@floridasportstalk.fm
WMEL,"Cocoa Beach, FL",wmelradiojohn@gmail.com
Calvary Radio,"Vero Beach, FL",radio@calvaryradiovero.com
Fox Sports 1290,"Smyrna, DE",valerieallston@clearchannel.com
The Beach,"Satellite Beach, FL",dpoore@beach985.com
Danu Radio,"Philadelphia, PA",INFO@DANURADIO.COM
The Link,"Bonita Springs, FL",webmaster@thelinkfm.com
Hot 101.5,"St. Petersburg, FL",1015comments@coxradio.com
Soft Rock 94.1,"Pensacola, FL",mcarr@softrock941.com
1010XL,"Jacksonville Beach, FL",chadds@1010xl.com
WVLG,"Wildwood, FL",WVLGRadio@thevillagesmedia.com
WIGW,"Eustis, FL",kelly@kdkr.org
Q105 Tampa Bay,"Tampa, FL",Scott@MyQ105.com
WSRN-FM,"Swarthmore, PA",webmaster@wsrnfm.org
Pure Radio Jacksonville,"Jacksonville, FL",mail@pureradiojax.org
The Bay,"Baltimore, MD",jward@thebayonline.com
Jibaro Radio,"Melbourne, FL",amigos@jibaroradio.com
WSEB,"Englewood, FL",comments@wsebfm.com
WUWF,"Pensacola, FL",wuwf@wuwf.org
WNRP,"Pensacola, FL",PStadden@newsradio1620.com
WDDE,"Dover, DE",info@delawarefirst.org
The Fanatic,"Burlington, NJ",mnahigian@975thefanatic.com
WQBQ,"Leesburg, FL",wqbqradio@gmail.com
Air1 Radio,"Inglis, FL",air1@air1.com
WTOP,"Washington, DC",jmeyer@wtop.com
BBN English,"Lakeland, FL",bbn@bbnradio.org
Ben FM,"Philadelphia, PA",Questions@ilikebenfm.com
WMFE-FM,"Orlando, FL",wmfe@wmfe.org
WIRA,"Fort Pierce, FL",wira1400@yahoo.com
WRMF,"Palm Beach, FL",comments@wrmf.com
1220AM-La Primera,"Kissimmee, FL",info@magica1220am.net
Grow Radio,"Gainesville, FL",growradio@gmail.com
WUSF,"Tampa, FL",info@wusf.org
XPN2,"Philadelphia, PA",wxpndesk@xpn.org
GeoTraffic Philadelphia Traffic Report,"Philadelphia, PA",info@tangotraffic.com
The Point,"Havre de Grace, MD",info@1047thepoint.com
The Voice,"Middletown, DE", postmaster@wdac.com
La Voz 1440,"Sanford, FL",wprd1440@gmail.com
Reach Radio,"Dover, DE",listenercare@myreachradio.com
Super 1360 AM,"Vineland, NJ",wnjcradio@yahoo.com
Z88.3 FM,"Clermont, FL",zcrew@zradio.org
WFIL,"Philadelphia, PA",wfil@wfil.com
107.3,"Pensacola, FL",paulapetersen@clearchannel.com
Max 98.3,"Fort Meade, FL",mike@max983fm.com
WCUR,"West Chester, PA",wcur.gm@gmail.com
La Que Buena 1310,"Wauchula, FL",marvinaayala@hotmail.com
Bulls Radio,"Tampa, FL",bullsradiousf@gmail.com
BBN English,"Gainesville, FL",bbn@bbnradio.org
Radio America,"Wheaton, MD",diana@radioamerica.net
WMFE Classical,"Orlando, FL",wmfe@wmfe.org
Air1 Radio,"San Jose, FL",air1@air1.com
1047 The Flame,"White City, FL",mikki@wflm.cc
Praise 104.1,"Waldorf, MD",rthompson@radio-one.com
WCHE 1520,"West Chester, PA",wche@wche1520.com
WUST,"Washington, DC",contactwust@wust1120.com
Classic 98 Rock,"Baltimore, MD",classic98rock@hearst.com
iradiophilly Isis,"Philadelphia, PA",iradiophilly@gmail.com
WILC,"Laurel, MD",Bryanb@900wilc.com
Rejoice Radio,"Vero Beach, FL",rbn@rejoice.org
WEBY,"Milton, FL",weby@1330weby.com
La Exitosa,"Milford, DE",staff@laexitosa.com
Reach FM,"Grant, FL",info@reachfm.org
Praise 107.9,"Neptune Beach, FL",contact@praise1079.com
iradiophilly Pulsations,"Philadelphia, PA",iradiophilly@gmail.com
WZQR,"Bokeelia, FL",request@wzqr.fm
iradiophilly Hang,"Philadelphia, PA",iradiophilly@gmail.com
WFTW,"Fort Walton Beach, FL",ken@wftw.com
WAMU,"Washington, DC",feedback@wamu.org
News Radio 1450 WILM,"Wilmington, DE",marthaburns@clearchannel.com
Sports Talk 570,"Bethesda, MD",management@espn980.com
WJUP-LP,"Jupiter, FL", kathy@wjtwfm.com
iradiophilly Bell Bottoms,"Philadelphia, PA",iradiophilly@gmail.com
103.7 the Gator,"Gainesville, FL",jbutler@wruf.com
WWJB,"Brooksville, FL",info@wwjb.com
Joy 106.3,"Daytona Beach, FL",januaryinfo@gmail.com
The Source,"Ocala, FL",WOCA@WOCA.com
iradiophilly Slick,"Philadelphia, PA",iradiophilly@gmail.com
Federal News Radio,"Washington, DC", jzeigler@federalnewsradio.com
iradiophilly Libra,"Philadelphia, PA",iradiophilly@gmail.com
MMaRchives,"Philadelphia, PA",webmaster@wmmr.com
Radio Luz,"Brandon, FL",ipttampa@hotmail.com
98.1 WOGL,"Philadelphia, PA",lisa.morton@cbsradio.com
WFCF,"St. Augustine, FL",wfcf@flagler.edu
MIX 105.1,"Orlando, FL",webmaster@mix1051.com
89.3 K-LOVE Radio KLOV,"Jacksonville, FL",klove@klove.com
Beach 92.7,"Beverly Beach, FL",david@beach927.com
Eagle 97.7,"Milford, DE",staff@eagle977.com
WXOF,"Yankeetown, FL",Staff@thefox967.com
WPBI News,"Gifford, FL",mail@ClassicalSouthFlorida.org
Danu Radio,"Fort Lauderdale, FL",INFO@DANURADIO.COM
K-Light,"Honolulu, HI",klhtradio@gmail.com
KSSK-FM,"Waipahu, HI",jamiehyatt@clearchannel.com
740 The Game,"Maitland, FL",rickeverett@ccorlando.com
Z103,"Idaho Falls, ID",onair@z103.fm
AM 560 The Answer,"Chicago, IL",GeneralManager@560wind.com
Alt 105.9,"Honolulu, HI",alt1059@gmail.com
U.S. 105.9,"Mahomet, IL",corey@cu-radio.com
FM 102.5 / AM 540 WFLA,"Pine Hills, FL",tombenson@clearchannel.com
Radio Fiesta,"Lake Worth, FL",wwrf@radiofiesta.com
The Wolf,"Marseilles, IL",programdirector@20inarowcountry.com
WUSF,"Tampa, FL",info@wusf.org
Galesburg Radio 14,"Galesburg, IL",wgil@wgil.com
MY939,"Miami Beach, FL",Rmcmillan@ccmiami.com
KSPD,"Boise, ID",info@myfamilyradio.com
Freedom 93FM,"Gretna, FL",will@magicfl.com
89.3 K-LOVE Radio KLOV,"West Palm Beach, FL",klove@klove.com
KTSY,"Caldwell, ID",family@ktsy.org
WJFM,"Crete, IL",onair@jsm.org
105.9 SUNNY FM,"De Land, FL",rick.stacy@cbsradio.com
KIJI,"Tumon, GU",fm104admin@kijifm104.com
Gospel Highway Eleven,"Norristown, PA",gospel@wnap1110am.com
Z92 Miami,"Hialeah, FL",saludos@clasica92fm.com
Cadena Azul 1550 AM Musical,"Miami, FL",info@cadenaazul.com
1240 & 1350 WMMB,"Cocoa, FL",billmick@clearchannel.com
WIGW,"Eustis, FL",kelly@kdkr.org
WMEL,"Cocoa Beach, FL",wmelradiojohn@gmail.com
KROCK 101.5,"Waianae, HI",krock1015@hhawaiimedia.com
KPOA,"Lahaina, HI",studio@kpoa.com
WGLT,"Normal, IL",wglt@ilstu.edu
89.3 K-LOVE Radio KLOV,"Key West, FL",klove@klove.com
La X,"Bartow, FL",programacion@lax1460.com
The Wave,"Holualoa, HI",scott@konafm.com
WAZU,"Peoria, IL",comments@wazufm.org
Super 1360 AM,"Vineland, NJ",wnjcradio@yahoo.com
La Que Buena,"Winter Garden, FL",info@ramacomm.com
Beach 95.1,"Ebro, FL",dnolin@beach951.com
Kool Oldies 99.5,"Fruitland, ID",debbie@tvbradio.com
93MGR,"Bainbridge, GA",cvoyles@wmgr.net
The Zephyr,"Dade City, FL",Radio@WZPHFM.com
WTMJ,"Milwaukee, WI",eric.brooks@wtmj.com
Air1 Radio,"Champaign, IL",air1@air1.com
Gospel 1490,"Miami, FL",wmbm@wmbm.com
SAM FM,"Ottawa, IL",info@ottawaradio.net
iradiophilly Mustang,"Philadelphia, PA",iradiophilly@gmail.com
The Edge,"Springfield, IL",info@wqna.net
WJVO,"South Jacksonville, IL",sarahwjvo@mchsi.com
WMFE-FM,"Orlando, FL",wmfe@wmfe.org
WCRA,"Effingham, IL",wcrc@wcrc957.com
WPBV-LP,"Palm Beach, FL",roncrider@gmail.com
89.3 K-LOVE Radio KLOV,"Hilo, HI",klove@klove.com
WTKS Orlando,"Cocoa Beach, FL",JeffWagstaff@wtks.com
Local 840,"Mims, FL",wpgs840@aol.com
WRMB,"Okeechobee, FL",wrmb@moody.edu
Power 106,"Genoa, IL",jkelly@dontron.net
WFDM,"Fort Walton Beach, FL",salesdept@freedom945.com
Z 100,"Harrisburg, IL",tracym@riverradio.net
iradiophilly Trinity,"Philadelphia, PA",iradiophilly@gmail.com
KOOL 107.9,"'Aiea, HI",phil@salemhawaii.com
WAIK,"Galesburg, IL",Vanessa.Wetterling@prairiecommunications.net
WDCR,"Oreana, IL",contact@wdcrradio.com
WJFM,"Key West, FL",onair@jsm.org
KPMW,"Haliimaile, HI",brandon@wild105.net
K92.3 Orlando's Country,"Orlando, FL",len.shackelford@coxradio.com
KSEI,"Pocatello, ID",comments@930thecruise.com
Sun Radio,"Sun City Center, FL",info@wscqfm.com
NOAA Weather Radio,"Pensacola, FL",chuck@wunderground.com
KAKU-LP,"Kahului, HI",live@akaku.org
WITS,"Sebring, FL",cohanradiogroup@htn.net
Inspiration 1400,"Zephyrhills, FL",lola@tantalk1340.com
KHCM,"Honolulu, HI",igbc@igbc.net
Harvard Community Radio,"Harvard, IL",harvardradio@gmail.com
KKCR,"Hanalei, HI",kkcr@kkcr.org
The Ball,"Dothan, AL",GENERAL@997WOOFFM.COM
WLRA,"Romeoville, IL", wlraradio@lewisu.edu
WPBR,"Lantana, FL",sr@wpbr1340am.com
Talk Radio 101,"Panama City Beach, FL",talk@magicfl.com
Toccoa Falls Radio,"Toccoa Falls, GA",radio@myfavoritestation.net
Tan Talk,"Clearwater, FL",Lola@TanTalk1340.com
LightForce Radio,"Bradenton, FL",verlin@lightforceradio.com
Rowan Radio,"Glassboro, NJ",wgls@rowan.edu
Diapason Jibaro Radio,"Orlando, FL",diapasonjibaro@yahoo.com
KPUA,"Hilo, HI",news@kpua.net
WRDJ-LP,"Merritt Island, FL",wrdj@wrdj.com
FM 100,"Honolulu, HI",wayne.maria@summitmediacorp.com
890 WLS-AM,"Chicago, IL",Timothy.Connolly@citcomm.com
WXYB,"Indian Rocks Beach, FL",angelos@wpso.com
Air1 Radio,"Decatur, IL",air1@air1.com
Radio Luz,"Brandon, FL",ipttampa@hotmail.com
B95,"DeKalb, IL",ontheair@b95fm.com
NewsRadio WTAX,"Springfield, IL",meccles@wtax.com
Z88.3 FM,"Union Park, FL",zcrew@zradio.org
92.5 Maxima FM,"Safety Harbor, FL",juan.fernando@cbsradio.com
94.7 KUMU,"Honolulu, HI",dfogle@frcap.com
Rock 102,"Pocatello, ID",request@102kmgi.com
POWER96,"Miami, FL",pio.ferro@power96.com
96.9 The Eagle,"Nampa, ID",Matt.Nielsen@citcomm.com
WINK-FM,"Fort Myers, FL",michael@winkfm.com
Krater 963,"Kawaihae, HI",wayne@krater96.com
Air1 Radio,"Long Creek, IL",air1@air1.com
WHJG-LP,"Rockford, IL",pastorjerryhall@gmail.com
WAVS,"Davie, FL",info@wavs1170.com
The Wolf,"Springfield, IL",cferguson@capitolradiogroup.com
KOPO-LP,"Paia, HI",admin@pyccmaui.org
NewsTalk 1400,"Champaign, IL",talk@wdws.com
Classy 97,"Blackfoot, ID",mike@klce.com
WDUN,"Clarkesville, GA",sandy.griffin@jacobsmedia.net
WGCY,"Gibson City, IL",garymccullough@wgcyradio.com
WSOY,"Decatur, IL",news@wsoyam.com
The Palm,"North Palm Beach, FL",Chet@seaviewradio.com
WAFC,"Clewiston, FL",dialdeal@wafcamfm.com
WITY,"Danville, IL",office@wityradio.com
KEIR,"Idaho Falls, ID",dylan@eastidahonews.com
KHPR,"Wailuku, HI",admin@hawaiipublicradio.org
iradiophilly Rift,"Philadelphia, PA",iradiophilly@gmail.com
Guam Shark,"Mangilao, Guam",kmandapat@spbguam.com
Da Jam 98.3,"Pukalani, HI",studio@dajam983.com
WCIL-FM,"Carbondale, IL",Jonnyq@riverradio.net
iradiophilly Eleven,"Philadelphia, PA",iradiophilly@gmail.com
Gospel 90.3,"Haines City, FL",requests@gospel903.com
New Country 98.3,"Tower Hill, IL",rjm1955@gmail.com
Coast 93.3,"Shalimar, FL",kylie@wncv.com
Faith Talk 570,"Pinellas Park, FL",tammyb@salemtampa.com
NewsRadio 1120 KMOX,"St. Louis, MO",kmox@kmox.com
WDNA,"Miami, FL",info@wdna.org
WKYQ,"Paducah, KY",info@wkyq.com
WCHE 1520,"West Chester, PA",wche@wche1520.com
810 CBS Sports Radio Orlando,"Orlovista, FL",810cbssportsorlando@gmail.com
Classic Hits 107.9,"Arcola, IL",mitm@1079wkio.com
WNIJ,"DeKalb, IL",npr@niu.edu
89.3 K-LOVE Radio KLOV,"Loves Park, IL",klove@klove.com
WZND,"Normal, IL",webmaster@wznd.com
Native 92.5,"Kahului, HI",studio@native935.com
iradiophilly Bandstand,"Philadelphia, PA",iradiophilly@gmail.com
WLJX-LP,"Springfield, IL",KC@WLJXRadio.net
Latino 99.7,"Kissimmee, FL",info@latino997.com
The Big I 105,"Ephrata, PA",jen.carlson@citcomm.com
Radio Ritmo,"Summerland Key, FL",info@myradioritmo.com
Kick'n Country 103.5,"Callaway, FL",kickn@panamacityradio.com
WQRL,"Benton, IL",info@wqrlradio.com
AM 1190 News,"Pine Castle, FL",web@radiogenesis.com
WWCT,"Bartonville, IL",info@ampillinois.com
KAGF-LP,"Twin Falls, ID",agf@agf.org
WSRF,"Fort Lauderdale, FL",wrsfinfo@wsrf.com
WJFM,"Jacksonville, IL",onair@jsm.org
WZPN,"Peoria, IL",Studio@965espn.com
Radio Boise,"Caldwell, ID",info@radioboise.org
Fox Newsradio,"Parker, FL",webmaster@945wfla.com
89.3 K-LOVE Radio KLOV,"Ma'ili, HI",klove@klove.com
WCIC,"Springfield, IL",wcic@wcicfm.org
Air1 Radio,"Rockford, IL",air1@air1.com
MYfm,"Idaho Falls, ID",music@100myfm.com
98ROCK,"Clearwater, FL",doubledown@clearchannel.com
Catholic Radio,"Tallahassee, FL",info@divinewordradio.com
OPB,"Ontario, OR",localtv@opb.org
WMFE Classical,"Orlando, FL",wmfe@wmfe.org
93.1 Da Pa`ina,"Honolulu, HI",fredrico@ohanabroadcast.com
WFAN Sports Radio,"De Land, FL",fanmail@wfan.com
WRHL,"Rochelle, IL",kris@wrhl.net
WEZC,"Clinton, IL",whow@randyradio.com
La Voz 1440,"Orlando, FL",wprd1440@gmail.com
Super Q 1300,"Tampa, FL",wqbnradio@gmail.com
Kiss FM,"Eureka, IL",info@ampillinois.com
96.7 I-Rock,"Normal, IL",chandler@967irock.com
101.1 WDZP,"West Palm Beach, FL",wdzp101.1@gmail.com
Sunny 98.5,"Panama City, FL",logan@sunny98.com
89.3 K-LOVE Radio KLOV,"Paia, HI",klove@klove.com
WPCU-LP,"Panama City, FL",wpculp@comcast.net
MY FM,"Axson, GA",kim@my102.net
97X,"Bonifay, FL",strokemastro@gmail.com
WHSR,"Pompano Beach, FL",duff@bbgiboca.com
KBYI,"Rexburg, ID",isleb@byui.edu
The Touch,"Gulf Breeze, FL",vernon@wrne980.com
Krater 963,"Kailua, HI",wayne@krater96.com
Family Radio Network East,"Rockford, IL",familyradio@familyradio.org
WJFM,"Freeport, IL",onair@jsm.org
The Bone,"Sarasota, FL",102.5comments@coxtampa.com
Z-Rock 96.5,"Lewiston, ID",leemail@koze.com
WPSP,"Royal Palm Beach, FL",deportes1190am@gmail.com
Nossa Radio USA,"Fort Lauderdale, FL",info@nossaradiousa.com
KIPO,"Waikapu, HI",mail@hawaiipublicradio.org
WPKA-LP,"Apopka, FL",info@laley99.com
NOAA Weather Radio,"Largo, FL",adsales@wunderground.com
93 BLX,"Mobile, AL",mark.mcmillen@cumulus.com
Sky-96.3,"Clayton, GA",sky963craig@gmail.com
The X  Rocks,"Peoria, IL",matt.bahan@townsquaremedia.com
WINI,"Murphysboro, IL",wini@newstalk1420wini.com
FM 95,"Galesburg, IL",fm95@fm95online.com
97.9 ESPN Radio,"Woodville, FL",Tom@979espnradio.com
WWTK,"Sebring, FL",cohanradiogroup@htn.net
Cat Country 98.7,"Pensacola, FL",comments@CatCountry987.com
KAPE,"Cape Girardeau, MO",admin@kaperadio1550.com
WSLR-LP,"Sarasota, FL",Info@wslr.org
Power 95.3,"Maitland, FL",Stevie.DeMann@coxradio.com
Family Radio Network East,"Baltimore, MD",familyradio@familyradio.org
WPGU,"Urbana, IL",engineering@illinimedia.com
Radio Católica Sal y Luz,"Caldwell, ID",info@saltandlightradio.com
WMIE-FM,"Cocoa, FL",josh@ncnradio.com
Genuine Country 94.3,"Pana, IL",rjm1955@gmail.com
WLTG,"Panama City, FL",wltg@bellsouth.net
WCBU,"Peoria, IL",wcbu@fsmail.bradley.edu
The Eagle,"Nicholls, GA",935theeagle935@gmail.com
WWBC,"Cocoa, FL",paul@gospelstudy.net
WFTW,"Fort Walton Beach, FL",ken@wftw.com
G Town Radio,"Philadelphia, PA",info@gtownradio.com
Native FM,"Hilo, HI",studio@nativefm.com
WKTO,"New Smyrna Beach, FL",wkto@bellsouth.net
KREA,"Honolulu, HI",koreatimeshawaii@gmail.com
X 101.5,"Quincy, FL",sour@x1015.com
The ANSWER,"Altamonte Springs, FL",worl@salemorlando.com
WBOW,"Paris, IL",steve.cannon@mwcradio.com
Chicago Public Radio,"Elgin, IL",Webmaster@ChicagoPublicRadio.org
Huntley Community Radio,"Huntley, IL",bill.geheren@huntleyradio.com
WILL-FM,"Minier, IL",will-webmaster@rt.media.illinois.edu
Star 94.5,"Daytona Beach, FL",kevin.gardner@coxradio.com
Kiss-FM,"Caldwell, ID",vip@1033kissfm.com
Lite Mix 99.9,"Mobile, AL",jasontaylor@clearchannel.com
WXAN,"Ava, IL",generalmanager@mysoutherngospel.net
WRWH,"Cleveland, GA",wrwh@windstream.net
Family Radio Network East,"Florida City, FL",familyradio@familyradio.org
Max 98.3,"Fort Meade, FL",mike@max983fm.com
La Super Caliente,"Idaho Falls, ID",doug@frandsenmedia.com
Blazin' 102.3,"Cairo, GA",info@netphiles.com
KIPO,"Waimea, HI",mail@hawaiipublicradio.org
WLRN-FM,"Miami, FL",info@wlrn.org
La Que Buena 1310,"Wauchula, FL",marvinaayala@hotmail.com
NOAA Weather Radio,"West Palm Beach, FL",adsales@wunderground.com
KBYR-FM,"Rexburg, ID",radio@byui.edu
iradiophilly Isis,"Philadelphia, PA",iradiophilly@gmail.com
Lite 107.9,"Eagle, ID",jason.wilmot@peakbroadcasting.com
XPN2,"Philadelphia, PA",wxpndesk@xpn.org
89.3 K-LOVE Radio KLOV,"Miami, FL",klove@klove.com
KBSX,"Boise, ID",boisestatepublicradio@boisestate.edu
K-HITS,"Caldwell, ID",208-287-5107
102.5 K-LOVE Radio WZCH,"Bainbridge, GA",klove@klove.com
Sandpoint Community Radio,"Ponderay, ID",info@krfy.org
WADR-LP,"Janesville, WI",studio@janesvillecommunityradio.com
WJUP-LP,"Jupiter, FL", kathy@wjtwfm.com
Hits 100,"Troy, ID",darin@pullmanradio.com
Ritmo 93,"Conway, FL",info@ritmo93.com
The Zone,"Ammon, ID",contactus@980thezone.com
Hot 101.5,"St. Petersburg, FL",1015comments@coxradio.com
The Big 1070,"Madison, WI",timscott@clearchannel.com
99 JAMZ,"Miami, FL",jill.strada@coxinc.com
WIRL,"Peoria, IL",dirkclemens@jmpradio.com
U100 FM,"Orlando, FL",admin@u100fm.com
BBN English,"Fort Lauderdale, FL",bbn@bbnradio.org
WFHT,"Avon Park, FL",wgbcfmgrover@yahoo.com
K-Bear 101,"Blackfoot, ID",viktor@kbear.fm
WTCQ,"Vidalia, GA",wtcq@vidaliacommunications.com
Omega 95.9 fm,"Saint Cloud, FL",tony@omega959.com
WEBY,"Milton, FL",weby@1330weby.com
Family Radio Network East,"Joliet, IL",familyradio@familyradio.org
WRMF,"Palm Beach, FL",comments@wrmf.com
94.9 TNT,"Tallahassee, FL",jasonsauer@clearchannel.com
The Boss,"Virden, IL",kevino'dea@neuhoffmedia.com
La Jefa,"Rock Island, IL",lajefa1270am@live.com
93.9 Jamz,"Honolulu, HI",jamiehyatt@clearchannel.com
94.3 K-LOVE Radio WJKL,"DeKalb, IL",klove@klove.com
Real Radio 94.3 WZZR,"Riviera Beach, FL",AndrewBednar@clearchannel.com
WCBU-HD2,"Peoria, IL",wcbu@bradley.edu
WGSE-LP,"Sebring, FL",contact@radio74.net
Rumbera Network Miami,"Islamorada, FL",redessociales@rumberanetwork.com
WJNO,"West Palm Beach, FL",ethanbriner@clearchannel.com
Cities 92.9,"Colfax, IL",mail@cities929.com
WJSO,"Hilo, HI",wjso@moody.edu
WRGP - FIU Student Radio,"Homestead, FL",wrgpgm@gmail.com
CD Country 107.9,"Canton, IL",don.tharp@prairiecommunications.net
WUCF-HD2,"Orlando, FL",chris@wucf.org
Radio ZOE,"Homestead, FL",produccion@zoe1430.com
Viva FM,"Town 'n' Country, FL",hispanicartsoftampa@gmail.com
WSRQ,"Sarasota, FL",Susan@SarasotaTalkRadio.com
WSTQ,"Streator, IL",q@studstillmedia.com
Magic 101.9,"Tennille, GA",wjfl@wjfl.com
WGN,"Chicago, IL",comments@wgnradio.com
KGMO,"Cape Girardeau, MO",rlambert@withersradio.net
WJLU,"New Smyrna Beach, FL",wjlu@wjlu.org
WUCF,"Orlando, FL",wucfhost@ucf.edu
The X,"Key West, FL",southernmostmedia@gmail.com
VCY America,"Monroe, WI",vcy@vcyamerica.org
Rejoice 1000,"Robertsdale, AL",rejoice1000am@gmail.com
KUPI-FM,"Rexburg, ID",contactus@99kupi.com
WRFU-LP,"Urbana, IL",rfu@wrfu.net
Jamz 98.1,"Lihue, HI",jamz981@hhawaiimedia.com
WNRP,"Pensacola, FL",PStadden@newsradio1620.com
Radio Nueva Vida,"Jordan Valley, OR",info@nuevavida.com
Q103,"Pa'auilo, HI",studio@q103maui.com
WJFM,"Ottawa, IL",onair@jsm.org
Power 88,"Mobile, AL",wilbur@goforth.org
WEAI,"Lynnville, IL",weai@weai.com
1270 AM,"Eatonville, FL",1270am@gmail.com
WUWF-HD2,"Pensacola, FL",wuwf@wuwf.org
KHNR,"Honolulu, HI",info@khnr.com
BBN English,"Tarpon Springs, FL",bbn@bbnradio.org
KIPO,"Honolulu, HI",mail@hawaiipublicradio.org
WFLN,"Arcadia, FL",wflnradio@aol.com
WROD,"Ormond Beach, FL",frank@therockofdaytona.com
The Flava Station,"Tallahassee, FL",theflavastation@hotmail.com
99 Rock,"Tifton, GA",contact@plantbroadcasting.com
Dixie Country 106.7,"Douglas, GA",contact@wokafm.com
The Seabreeze,"Miramar Beach, FL",info@seabreeze.fm
WPBI News,"West Palm Beach, FL",mail@ClassicalSouthFlorida.org
WRBX,"Reidsville, GA",WRBXWTNL@WINDSTREAM.NET
G&E Radio Hawaii,"Pearl City, HI",tellmydj@gmail.com
AM 1060 News,"Titusville, FL",web@radiogenesis.com
KRCU,"Cape Girardeau, MO",comments@krcu.org
WWPR,"Bradenton, FL",manager@1490wwpr.com
WHOW,"Clinton, IL",whow@randyradio.com
Star 102.1 FM,"Rock Harbor, FL",webmaster@wklginc.com
Godsquad,"Titusville, FL",wpio@gate.net
My 959,"Honolulu, HI",info@my959.com
The Legend,"Hartford, AL",wendy@trpdothan.com
KBSU-HD2,"Boise, ID",boisestatepublicradio@boisestate.edu
Rejoice Radio,"Boise, ID",rbn@rejoice.org
WPXN,"Paxton, IL",news@wpxnradio.com
WVOP,"Vidalia, GA",zfowler@vidaliacommunications.com
BBN English,"Key West, FL",bbn@bbnradio.org
iradiophilly Laugh Tracks,"Philadelphia, PA",iradiophilly@gmail.com
Air1 Radio,"Wahiawa, HI",air1@air1.com
Sunny 105.7,"Orange Beach, AL",studio@sunny1057.com
101.9 AMP Radio,"Daytona Beach, FL",webmaster@1019ampradio.com
WEFT,"Champaign, IL",stationmanager@weft.org
La Poderosa,"Miami, FL",info@lapoderosa.com
The Surf 95.9,"Poipu, HI",kong@kongradio.com
WSPL,"Streator, IL",wspl@theradiogroup.net
B103,"Rockford, IL",b103@b103fm.com
KBIG,"Hilo, HI",studio@kbigfm.com
KFUO,"Clayton, MO",gduncan@kfuo.org
KKMV,"Rupert, ID",kzdxblastoff@yahoo.com
Hope FM,"Coatesville, PA",info@ccmarlton.org
Kissin' 92,"Boise, ID",Rich.Summers@citcomm.com
WHEP,"Foley, AL",whepsports@yahoo.com
WWNN,"Pompano Beach, FL",duff@bbgiboca.com
WBCP,"Urbana, IL",sbritten.wbcpradio@sbcglobal.net
KWRV,"Sun Valley, ID",mail@mpr.org
WIBH,"Anna, IL",onair@wibhradio.com
WFSD-LP,"Tallahassee, FL",marber@tds.net
WAOA-FM,"Melbourne, FL",lisa@wa1a.com
KCIF,"Hilo, HI",keepchristinfocus@kcifradio.com
WPRK,"Winter Park, FL",WPRK@rollins.edu
Catholic Radio,"Pensacola, FL",info@divinewordradio.com
WYND,"De Land, FL",WYND@buddytuckerassociation.org
Walls 102,"Oglesby, IL",wals@studstillmedia.com
WXCY,"Havre de Grace, MD",loyallistener@wxcyfm.com
KUPY,"Sugar City, ID",contactus@99kupi.com
KHPR,"Honolulu, HI",admin@hawaiipublicradio.org
KWXX-FM,"Hilo, HI",sales@kwxx.com
KONG Radio,"Lihue, HI",kong@kongradio.com
The Mighty 100.5,"Belvidere, IL",tim@themightyfm.com
Hits 100.7,"Normal, IL",sreed@connoisseurmedia.com
The Source,"Tampa, FL",wmnf@wmnf.org
The Bull,"Winnebago, IL",hebull@953thebull.com
Real Country,"Metropolis, IL",rlambert@withersradio.net
Ft Lauderdale Community Radio,"Fort Lauderdale, FL",prdept@amanatee.com
Y-96,"Dublin, GA",dj@wqzy.com
WZND,"Bloomington, IL",generalmanager@wznd.com
The Team,"Honolulu, HI",chrish@espn1420am.com
1350 KTIK,"Nampa, ID",andrew.paul@citcomm.com
WFTL,"West Palm Beach, FL",listener@850wftl.com
KSOH,"Peoria, IL",office@lifetalk.net
Onda 1340,"Clermont, FL",ondamexradio@aol.com
Air1 Radio,"Arlington Heights, IL",air1@air1.com
The Wolf,"Pekin, IL",drchris@1049thewolf.com
WTUF,"Boston, GA",lenrob@rose.net
HITS 97.3,"Miami, FL",gary.williams@coxradio.com
WIBA-AM,"Madison, WI",wibanews@yahoo.com
WSBA,"York, PA",info@wsba910.com
WESN,"Bloomington, IL",jpodrask@iwu.edu
WGRA,"Cairo, GA",sales@wgra.net
Fun101 FM,"Thomaston, GA",wtga@fun101fm.com
WLRN-FM,"Big Pine Key, FL",info@wlrn.org
100.7 WFLA,"Midway, FL",mattmillar@clearchannel.com
ESPN 580 Orlando,"Orlando, FL",levi.may@coxinc.com
92.7 Smooth FM,"Goldenrod, FL",info@92smooth.com
MIX 105.1,"Orlando, FL",webmaster@mix1051.com
Legends Radio,"Lake Park, FL",Info@LegendsRadio.com
Magic 102.7,"Pompano Beach, FL",webmasterWMXJ@wmxj.com
Q98.5,"Freeport, IL",steve@q985online.com
Nash FM 97.3,"Elmwood, IL",Shelly.Andeen@cumulus.com
WAJK,"La Salle, IL",itsupport@993wajk.com
Ardiente Radio,"Marco, FL",info@ardienteradio.com
The Point,"Havre de Grace, MD",info@1047thepoint.com
WLAQ,"Rome, GA",mattd@theridge957.com
1220AM-La Primera,"Kissimmee, FL",info@magica1220am.net
KKCR,"Haleiwa, HI",kkcr@kkcr.org
Relevant Radio,"Sandwich, IL",info@relevantradio.com
KKNE,"Waipahu, HI",mike@am940hawaii.com
KOUU,"Pocatello, ID",programming@eastidahoradio.com
Chicago Public Radio,"Morris, IL",Webmaster@ChicagoPublicRadio.org
WCMY,"Ottawa, IL",info@ottawaradio.net
CVC La Voz Radio Station,"Miami, FL",contacto@cvclavoz.com
KPHI,"Honolulu, HI",alvarez.allan@gmail.com
Star 98,"Tallahassee, FL",john.dawson@cumulus.com
Easy 93,"Miami, FL",brian.elam@coxmg.com
GLT Blues Radio,"Normal, IL",jon@wglt.org
KSTL,"St. Louis, MO",jubilee690@gmail.com
Radio Vida,"De Land, FL",radiovidaorlando@gmail.com
WDBR,"Springfield, IL",jaddams@capitolradiogroup.com
Mia 1450AM,"Miami, FL",ysedeno@miaradios.com
WVIL,"Virginia, IL",larry.bostwick@gmail.com
Radio Miami International,"Miami, FL",info@wrmi.net
Hit Radio 100,"Hagåtña, GU",marketing@hitradio100.com
Almavision,"Miami, FL",tony@almavision.tv
Rejoice 103.7,"Orlando, FL",info@rejoice1140.com
WJUL,"Hiawassee, GA",tim@wjulradio.com
WIXY,"Champaign, IL",jdrake@mix945.com
La Nueva,"Fort Lauderdale, FL",info@lanuevafm.net
WNTP,"Philadelphia, PA",contactus@wntp.com
Spirit FM,"Tampa, FL",contact@spiritfm905.com
Radio Católica Sal y Luz,"Twin Falls, ID",info@saltandlightradio.com
WUCG-LP,"Blairsville, GA",wucg931@windstream.net
WHCO,"Sparta, IL",whco@realcountry1230.com
KAHU,"Pahala, HI",news@hawaiipublicradio.org
KTRP,"Notus, ID",info@kiov1450.com
WPSO,"New Port Richey, FL",angelo@wzra48.com
The Fan,"Boise, ID",dave.burnett@peakbroadcasting.com
Magic 95.1,"Carterville, IL",ivy@riverradio.net
La Zeta 105.3,"Nocatee, FL",info@lazeta.fm
Lite Rock 99.3,"Cocoa, FL",michaellowe@clearchannel.com
Soft Rock 94.1,"Pensacola, FL",mcarr@softrock941.com
WLRN Classical 24,"Miami, FL",info@wlrn.org
Bulls Radio,"Tampa, FL",bullsradiousf@gmail.com
WVFS,"Tallahassee, FL",music@wvfs.fsu.edu
WJFM,"Panama City, FL",onair@jsm.org
KBSU-FM,"Boise, ID",boisestatepublicradio@boisestate.edu
WDBX,"Carbondale, IL",wdbx911@yahoo.com
WOKB,"Winter Garden, FL",info@wokbradio.com
WUWF,"Pensacola, FL",wuwf@wuwf.org
SOS Radio Network,"Twin Falls, ID",info@sosradio.net
WDLT,"Saraland, AL",mark.mcmillen@cumulus.com
WBNH,"Pekin, IL",wbnh@wbnh.org
WCIC,"Pekin, IL",wcic@wcicfm.org
Reach FM,"Cypress Quarters, FL",info@reachfm.org
WMMO,"Orlando, FL",wes.halliwell@coxradio.com
88.1 WAY-FM,"Thomasville, GA",wayt@wayfm.com
640 Sports,"Royal Palm Beach, FL",listener@640sports.com
Mountain Country 103.9,"Blue Ridge, GA",wppl@mountaincountryradio.com
Talk 790,"Pensacola, FL",scott@talk790.com
Radio Paz,"Hialeah, FL",rmcid@paxcc.org
News Talk 670 KBOI,"Boise, ID",andrew.paul@citcomm.com
Coast 101.3,"Port Saint Lucie, FL",jcarr@coast1013.com
WRGA,"Rome, GA",clarkej@south107.com
The Bull,"Normal, IL",megan@gpmbloomington.com
WCIC,"Princeton, IL",wcic@wcicfm.org
WEW,"St. Louis, MO",WEWRadio@aol.com
Beloit College Radio,"Beloit, WI",wbcrfm@gmail.com
WCIC,"Jacksonville, IL",wcic@wcicfm.org
Mega Romantica,"Dunedin, FL",contactus@radiogenesis.com
BBN English,"Pontiac, IL",bbn@bbnradio.org
Fifth Dimension Radio 5DRadio,"Exton, PA",gene@5DRadio.com
BBN English,"Port Saint Joe, FL",bbn@bbnradio.org
XL 106.7,"Tavares, FL",Webmaster@XL1067.com
SOS Radio Network,"Key West, FL",info@sosradio.net
The Boomer,"Metter, GA",sales@wbmzfm.com
WWHP,"Farmer City, IL",matt@wwhp.com
The Coyote,"Rochelle, IL",kris@wrhl.net
98.3 K-LOVE Radio WLVM,"Navarre, FL",klove@klove.com
Sunny 1450/1320 AM,"Venice, FL",info@ThisWeekInSarasota.com
Life FM,"Cutler Bay, FL",infocenter@909lifefm.com
SoFlo Radio,"Hollywood, FL",PR@SoFloRadio.com
News 96.5 WDBO,"Orlando, FL",levi.may@coxinc.com
WMAY,"Springfield, IL",jimleach@wmay.com
WMOC,"Lumber City, GA",wmoc887@yahoo.com
WTGF,"Milton, FL",johng724@me.com
ESPN West Palm,"Jupiter, FL",sports@espnwestpalm.com
Music Tampa Bay,"Tampa, FL",rick@musictampabay.com
WSPI,"Ellsworth, IL",jon@catholicspiritradio.com
La Nueva,"Pennsuco, FL",info@lanuevafm.net
WCHM,"Clarkesville, GA",jbatten@battencommunications.com
Arrow 107,"Idaho Falls, ID",contactus@arrow107.com
Kiss FM,"Kahului, HI",studio@kissfmmaui.com
WDQN-FM,"Du Quoin, IL",95.9fm@3abn.org
KUOI-FM,"Moscow, ID",kuoi@uidaho.edu
Island Radio 98.9,"Kapaa, HI",kith@hhawaiimedia.com
KAPA,"Hilo, HI",studio@kaparadio.com
WENG,"Englewood, FL",kenk@wengradio.com
WJRB,"Young Harris, GA",jbatten@battencommunications.com
Power 104.3,"Kaneohe, HI",mike@power1043.com
The Hawk,"Idaho Falls, ID",don@1055thehawk.com
Joy 92,"Agat, GU",request@joyfmguam.com
WNEG,"Toccoa, GA",wneg@windstream.net
Y 103,"Decatur, IL",wendytohill@neuhoffmedia.com
KDPI,"Ketchum, ID",kdpiproduction@gmail.com
Nash FM 102.7,"Milton, FL",request@wxbm.com
WPR Ideas,"Madison, WI",webmaster@wpr.org
The Dove,"New Port Richey, FL",John.Larson@coxinc.com
KISS Country 99.9 FM,"Boca Raton, FL",joshc@wqam.com
AFR (Music & Teaching),"Marion, IL",faq@afr.net
93.1 KTIK,"New Plymouth, ID",andrew.paul@citcomm.com
The Rebel,"Plainville, GA",darrenc@south107.com
Rockin 106.3,"Bainbridge, GA",livecrew@rockin1063.com
La Raza,"Auburndale, FL",laraza1570@gmail.com
WCON,"Cornelia, GA",mharvey@wconfn.com
WSPY-FM,"Plano, IL",dougn@NelsonMultimedia.net
WKIQ,"Eustis, FL",info@wkiq1240.com
WJCM,"Sebring, FL",cohanradiogroup@htn.net
WMNF,"Tampa, FL",web@wmnf.org
WKDU,"Philadelphia, PA",wkdu-gm@wkdu.org
WZEU-LP,"Weeki Wachee, FL",management@wzeufm.com
ESPN Pensacola,"Pensacola, FL",amber@espnpcola.com
Magic 107.7 – Orlando,"Mount Dora, FL",laurakam@ccorlando.com
Hawaiian 105,"Honolulu, HI",wayne.maria@summitmediacorp.com
WRMB,"Boynton Beach, FL",wrmb@moody.edu
The Lighthouse,"Rockford, IL",info@wfen.org
US 103-5,"Bradenton, FL",travisdaily@clearchannel.com
1250 WHNZ,"Tampa, FL",webmaster@whnz.com
WCNO,"Palm City, FL",wcno@wcno.com
BBN English,"St. Louis, MO",bbn@bbnradio.org
WMNF Extra,"Tampa, FL",web@wmnf.org
Groovy 97.3,"Taylorville, IL",rjm1955@gmail.com
Urbana 92.7 FM,"Kissimmee, FL",info@urbana927.com
WKYX,"Paducah, KY",dunker@wkyx.com
RADIO ESPERANZA 1280,"Lake Wales, FL",WIPC1280@yahoo.com
KBXL,"Boise, ID",david@myfamilyradio.com
WUIS,"Springfield, IL",wuis@uis.edu
WDMG-FM,"Ambrose, GA",kim@broadcastsouth.com
WSQR,"Sycamore, IL",BethP@NelsonMultimedia.net
WJBC,"Bloomington, IL",talk@wjbc.com
Sports Talk 1040 The Team,"Pinellas Park, FL",web@radiogenesis.com
WDEL,"Wilmington, DE",wdelnews@wdel.com
WVUM,"Coral Gables, FL",info@wvum.org
WRTI Classical,"Philadelphia, PA",contact@wrti.org
KITT,"Soda Springs, ID",kitt_radio@yahoo.com
WQBQ,"Leesburg, FL",wqbqradio@gmail.com
Hot 105,"Coral Gables, FL",Phil@Hot105FM.com
The Voice,"Lancaster, PA", postmaster@wdac.com
Old School Hip Hop,"Daytona Beach, FL",kevin.gardner@coxradio.com
La Que Buena,"Cleveland, GA",lobokr@laquebuenaatlanta.com
Mex Mix 102.9,"Earlville, IL",nilsrios@wmkbradio.com
BBN English,"Sebring, FL",bbn@bbnradio.org
Radio Moody,"Chicago, IL",radiomoody@moody.edu
WSBR,"Boca Raton, FL",duff@bbgiboca.com
WCRX,"Chicago, IL",WCRXPublicAffairs@Colum.edu
Rejoice Radio,"Rockford, IL",rbn@rejoice.org
WBVN,"Marion, IL",wbvn@wbvn.org
WGCU-FM,"Fort Myers, FL",atardif@wgcu.org
1230 am WBZT,"West Palm Beach, FL",brianmudd@clearchannel.com
La Nueva,"Leisure City, FL",info@lanuevafm.net
KLCZ,"Lewiston, ID",klcz@lcmail.lcsc.edu
Hank FM,"Lafayette, FL",999hankfm@gmail.com
AL Public Radio,"Mobile, AL",elynch@cpt.ua.edu
107-1 Kiss FM,"Thomasville, GA",jeffhorn@clearchannel.com
The Max 89.9,"Mattoon, IL",899themax@lakelandcollege.edu
Moody Radio Florida,"Lakeland, FL",moodyradiooffice@moody.edu
Genesis 680,"St. Petersburg, FL",evelyn@genesis680.com
Mix 106.9,"Peoria, IL",randyrundle@mix1069.com
WILL-FM,"Urbana, IL",will-webmaster@rt.media.illinois.edu
Bob FM,"Panama City Beach, FL",BobFM@PowellBroadcasting.com
WGVD,"Dwight, IL",wgvd973@gmail.com
KDKI-LP,"Twin Falls, ID",kdkiradio@gmail.com
89.3 K-LOVE Radio KLOV,"Monticello, FL",klove@klove.com
KQPI,"Aberdeen, ID",contactus@99kupi.com
Bob FM,"Ontario, OR",BOB@IMPACTRADIOGROUP.COM
Rejoice Radio,"Pensacola, FL",rbn@rejoice.org
The New AM 950 WTLN,"Orlando, FL",wtln@wtln.com
WTIM,"Assumption, IL",rjm1955@gmail.com
101.5 LITE FM,"Miami, FL",litefm@LiteMiami.com
WTMY,"Sarasota, FL",traffic.wtmy@gmail.com
KHPR,"Hilo, HI",admin@hawaiipublicradio.org
107.3,"Pensacola, FL",paulapetersen@clearchannel.com
WJVL,"Janesville, WI",rwest@wjvl.com
La Grande 1030,"Oviedo, FL",info@1030lagrande.com
Sports Talk 1080 The Team,"Kissimmee, FL",web@radiogenesis.com
Q102,"Rome, GA",morningshow@q102rome.com
WAY-FM,"Marianna, FL",supportservices@wayfm.com
WYLL,"Chicago, IL",mbrown@salemradiochicago.com
BBN English,"Leesburg, FL",bbn@bbnradio.org
96.1 JAMZ,"Tallahassee, FL",info@netphiles.com
Lite 107.3,"Fort Atkinson, WI",gdouglas@nrgmedia.com
News Talk 690,"Blackfoot, ID",tim@eiradio.com
Q105 Tampa Bay,"Tampa, FL",Scott@MyQ105.com
WBYS,"Canton, IL",wbysradio@yahoo.com
Harvest Family Radio,"Barrigada, GU",khmg@hbcguam.net
Today's Life,"Miami, FL",Rob.Sidney@TodaysLifeMiami.com
Air1 Radio,"Nyssa, OR",air1@air1.com
Revelation Radio,"Pocatello, ID",radioinfo@calvaryif.org
WNNS,"Springfield, IL",deb@wnns.com
WMMR,"Philadelphia, PA",webmaster@wmmr.com
BBN English,"Sarasota, FL",bbn@bbnradio.org
KTUH,"Honolulu, HI",gm@ktuh.org
Live 101.9,"Bainbridge, GA",dustin@live1019.com
KISU-FM,"Pocatello, ID",kisufm91@gmail.com
Classic Hits 102.9 & 1130,"Bartow, FL",news@wwbf.com
WSDR,"Sterling, IL",wsdr1240@theramp.net
96 Rock,"Orlando, FL",greg.stevens@coxradio.com
KBSU-HD2,"Twin Falls, ID",boisestatepublicradio@boisestate.edu
WCPT,"Willow Springs, IL",web@newswebradio.net
The Fan,"Blackshear, GA",afternoonblitz@yahoo.com
KIYE,"Kamiah, ID",kiye@nezperce.org
WFSU-FM,"Tallahassee, FL",mail@wfsu.org
ESPN Deportes Miami,"Miami Springs, FL",jaranguren@espndeportsmiami.com
WWTG,"Carpentersville, IL",info@LifeConnectionRadio.org
Family Radio Network East,"West Palm Beach, FL",familyradio@familyradio.org
WJSO,"Freeport, IL",wjso@moody.edu
Reach FM,"Miami Beach, FL",info@reachfm.org
Reach FM,"Clermont, FL",info@reachfm.org
Nash FM 97.9,"Boise, ID",Wes.McShay@citcomm.com
Sun 103.1,"Plantation Key, FL","sun103@flkeysmendia,com"
Rejoice Radio,"Twin Falls, ID",rbn@rejoice.org
X925.com,"Idaho Falls, ID",contactus@genx925.com
Shake 108,"Miami, FL",info@shake108.com


















