station,email,city,country
Radio Oran,info@radio-oran.com,"Oran, Regionale de l'Ouest, Algeria", Algeria
MFM Tunisie,contact@radiomfm.tn,"Mahdia, Tunisia", Tunisia
Radio Bonne Nouvelle Togo,vieabel@yahoo.fr,"Lomé, Togo", Togo
Lotus FM,info@lotusfm.co.za,"Port Elizabeth, South Africa", South Africa
90.8 Metro fm Uganda,metro90.8@gmail.com,"Kampala, Uganda", Uganda
Radio Lagos,INFO@RADIOLAGOSEKOFM.NET,"Ikeja, Lagos, Nigeria", Nigeria
Dinpa FM,info@dinpafmonline.com,"Sunyani, Ghana", Ghana
Sound Asia FM,info@soundasiafm.com,"Nairobi, Kenya", Kenya
MBC Radio Maurice 1,customercare@mbc.intnet.mu,"Malherbes, Port Louis, Mauritius", Mauritius
Kameme FM,info@kamemefm.com,"Nairobi, Kenya", Kenya
MBC Kool FM,customercare@mbc.intnet.mu,"Port Louis, Mauritius", Mauritius
Mosaique FM,commercial.citycenter@topnet.tn,"Boukrim, Tunisia", Tunisia
Radio Futurs Medias,info@futursmedias.net,"Dakar, Senegal", Senegal
Radio Ethiopia - National Service,radioethiopia@usa.net,"Metu, Ethiopia", Ethiopia
Radio Vision Egypt,radiovisioneg@hotmail.com,"Cairo, Egypt", Egypt
Radio Maria (Mozambique),info.moz@radiomaria.org,"Matola, Mozambique", Mozambique
Sky FM 96.7MHz,info@skyfmonline.com,"Sunyani, Ghana", Ghana
Mix 93.8,onair@mixfm.co.za,"Johannesburg, South Africa", South Africa
Radio Wave,robin@radiowave.com.na,"Klein Windhoek, Namibia", Namibia
Jacaranda FM,enquiries@jacarandafm.com,"Johannesburg, South Africa", South Africa
Ghanatta Radio,info@ghanatta.com,"Gaga, Ghana", Ghana
Pamoja FM,pamojafm.marketing@yahoo.com,"Kibera, Kenya", Kenya
Radio Mayotte Web,radio@mayottewebradio.fr,"Combani, Mayotte", Mayotte
Easy FM,info@easyfm.co.ke,"Mombasa, Kenya", Kenya
Africa N°1,africa@africa1.com,"Kinshasa, DR Congo", DR Congo
RCM 13,info@rcm13.fr,"Moroni, Comoros", Comoros
BBC World Service Saint-Leu,bbcwsafrica@bbc.co.uk,"Saint-Leu, Reunion", Reunion
Umhlobo Wenene FM,magwan@sabc.co.za,"East London, South Africa", South Africa
KFM,rkyomugisha@ug.nationmedia.com,"Kampala, Uganda", Uganda
Radio Tigabane,tigabane@mzuzu.org,"Mzuzu, Malawi", Malawi
SolidFM 103.7,info@kfmghana.com,"Kumasi, Ghana", Ghana
Radio Jijel,info@radio-jijel.dz,"Jijel, Algeria", Algeria
Rock Mauritius Radio,contact@rockmauritius.tk,"Bel Ombre, Mauritius", Mauritius
Nigeriainfo FM 95.1 Abuja,rcahilig@coollink.us,"Abuja, Nigeria", Nigeria
Radio Okapi,info@hirondelle.org,"Bukavu, DR Congo", DR Congo
Hellenic t/a New Pan-Hellenic Voice,info@hellenicradio.org.za,"Johannesburg, South Africa", South Africa
Radio 2000,info@radio2000.co.za,"Johannesburg, South Africa", South Africa
Rádio 95.8 FM Maputo,internet@iurd.co.mz,"Maputo, Mozambique", Mozambique
ZNBC R1,hyde.haguta@znbc.co.zm,"Lusaka, Lusaka, Zambia", Zambia
CliffCentral,contact@cliffcentral.com,"Johannesburg, South Africa", South Africa
Adom FM,teamwork@myjoyonline.com,"Tema, Ghana", Ghana
Radio Isanganiro,isanganiro@yahoo.fr,"Bujumbura, Burundi", Burundi
Connect Radio,studio@connectuganda.com,"Kampala, Uganda", Uganda
SAMS R1,news@shbc.sh,"Jamestown, St. Helena", St. Helena
Radio Sonder Grense,rekenaar@rsg.co.za,"Johannesburg, South Africa", South Africa
Capital FM,technical@capitalfm-ug.com,"Kampala, Uganda", Uganda
Love FM,dunyaa@sentoo.sn,"Dakar, Senegal", Senegal
ERTU Shabab wal Riyadiyah,radioinfo@ertu.org,"Cairo, Egypt", Egypt
Mama FM,umwa@africaonline.co.ug,"Kisaasi, Uganda", Uganda
Kanal FM,kanalfm@cafe.tg,"Lomé, Togo", Togo
BBC World Service Kigali,bbcwsafrica@bbc.co.uk,"Kigali, Rwanda", Rwanda
Wazobia FM 95.1,info@wazobiafm.com,"Kano, Nigeria", Nigeria
HITS,saydfx@gmail.com,"Zanzibar, Tanzania", Tanzania
Power,info@powerfm.co.za,"Houghton, South Africa", South Africa
Power FM,info@power997.com,"Lusaka, Zambia", Zambia
Radio Silver 92.3FM,info@radiosilveronline.com,"Takoradi, Ghana", Ghana
Raypower Abuja,info@raypowerabuja.com,"Asokoro, Nigeria", Nigeria
Unique FM,info@uniquefm.gm,"Banjul, Gambia", Gambia
Star FM,info@starradiomw.com,"Blantyre, Southern, Malawi", Malawi
Radio 102 FM,info@cocadillaz.com,"Saint-Pierre, Reunion", Reunion
Voice Of Nigeria Service Arabic,info@voiceofnigeria.org,"Lagos, Nigeria", Nigeria
Akaboozi FM,rs1elvis@gmail.com,"Kampala, Uganda", Uganda
BBC World Service,worldservice@bbc.co.uk,"Saint-Andre, Reunion", Reunion
MBC Music FM,customercare@mbc.intnet.mu,"Port Louis, Port Louis, Mauritius", Mauritius
Atlantis Radio,atlantis879@gamil.com,"Accra, Ghana", Ghana
Algoa FM,info@algoafm.co.za,"Port Elizabeth, South Africa", South Africa
Radio Gold FM,radiogold@ucomgh.com,"Accra, Ghana", Ghana
Radio Nationale,ard_at@yahoo.de,"Zaghouan, Tunisia", Tunisia
Midcities 107.4FM,info@midcities.co.za,"Midrand, GA, South Africa", South Africa
Rádio Pieia,info@radio.pieia.org,"Beira, Mozambique", Mozambique
Sama Radio Senegal,bestmoha1@gmail.com,"Dakar, Senegal", Senegal
Clouds FM,info@cloudsfm.co,"Dar es Salaam, Tanzania", Tanzania
Mosaique FM,commercial.citycenter@topnet.tn,"Sidi Bou Said, Tunisia", Tunisia
ISANGO STAR,info@isangostar.rw,"Kigali, Rwanda", Rwanda
Motsweding FM,mmekoasc@sabc.co.za,"Johannesburg, South Africa", South Africa
NBC German,gssecretary@nbc.na,"Klein Windhoek, Namibia", Namibia
Top FM,topfm@intnet.mu,"Port Louis, Mauritius", Mauritius
Smile 90.4 FM,studio@smile904.fm,"Cape Town, South Africa", South Africa
Radio Dunyaa,dunyaa@sentoo.sn,"Dakar, Senegal", Senegal
Tribute FM,info@tributefm.com,"Banghazi, Libyan Arab Jamahiriya", Libyan Arab Jamahiriya
Chikuni Radio,chikuniradio@gmail.com,"Monze, Zambia", Zambia
MBC Radio Mauritius 2,customercare@mbc.intnet.mu,"Malherbes, Mauritius", Mauritius
Radio Cosmos Namibia,info@kosmos.com.na,"Klein Windhoek, Namibia", Namibia
Phalaphala FM,maumelair@sabc.co.za,"Johannesburg, South Africa", South Africa
NBC Ovambo,fzinner@nbc.na,"Klein Windhoek, Namibia", Namibia
Radio Plus FM,venen@radioplus.mu,"Port Louis, Mauritius", Mauritius
CCFM,mail@ccfm.org.za,"Muizenberg, South Africa", South Africa
East Africa Radio,info@eastafricaradio.com,"Dar Es Salaam, Tanzania", Tanzania
Kiss 100,info@kissfm.co.ke,"Nairobi, Nairobi, Kenya", Kenya
ChaiFM,info@chaifm.com,"Johannesburg, South Africa", South Africa
MIGHT FM 90.5,info@mightfmonline.com,"Tamale, Ghana", Ghana
Breeze 99.6,info@breezefmchipata.com,"Chipata, Zambia", Zambia
BBC World Service Mbale,bbcwsafrica@bbc.co.uk,"Mbale, Uganda", Uganda
Blue Channel,ubc@ubconline.co.ug,"Mityana, Uganda", Uganda
Heart FM,info@1049.fm,"Cape Town, South Africa", South Africa
Inanda FM,stationmanager@inandafm.co.za,"Durban, South Africa", South Africa
HITFM Reunion,hitfm@live.fr,"Saint-Denis, Reunion", Reunion
102.3 KISS FM,info@kissfm.rw,"Kigali, Rwanda", Rwanda
Kalak FM,kalak@kalakfm.com,"Yaoundé, Cameroon", Cameroon
Radio 786,nazeer@radio786.co.za,"Cape Town, South Africa", South Africa
Hitradio Namibia,info@hitradio.com.na,"Windhoek, Namibia", Namibia
UCT Radio,info@uctradio.co.za,"Cape Town, South Africa", South Africa
Radio 2000,info@radio2000.co.za,"Cape Town, South Africa", South Africa
Radio Alfayda,info@radioalfayda.net,"Kaolack, Senegal", Senegal
Radio Pikan,secretariat@kanal-renionite.org,"Le Port, Reunion", Reunion
Radio 2M,srafie@2m.ma,"Casablanca, Morocco", Morocco
Lotus FM,info@lotusfm.co.za,"Johannesburg, South Africa", South Africa
Kaya FM,pr@kayafm.co.za,"Johannesburg, South Africa", South Africa
Africa N°1,africa@africa1.com,"Santa Isabel, Equatorial Guinea", Equatorial Guinea
Radio SPORT FM,radiosportfm@yahoo.fr,"Lomé, Togo", Togo
Bonheur FM Guinée,radiobonheurfmguinee@gmail.com,"Conakry, Guinea", Guinea
Luv FM,franklinbrobby@yahoo.co.uk,"Kumasi, Ghana", Ghana
Bassam FM,charles@bassamfm.com,"Yamoussoukro, Côte d'Ivoire", Côte d'Ivoire
947,webmaster947@highveld.co.za,"Rivonia, South Africa", South Africa
Chada FM,contact@chadafm.net,"Casablanca, Morocco", Morocco
Time FM 105.3,timefm105.3@gmail.com,"Akumadan, Ghana", Ghana
KASAPA FM,info@kasapafmonline.com,"Accra, Ghana", Ghana
Radio Apac,info@radioapac.com,"Apac, Uganda", Uganda
Radio Kragbron,info@radiokragbron.co.za,"Mpumalanga, South Africa", South Africa
Fine Music Radio,fmr@fmr.co.za,"Cape Town, South Africa", South Africa
KBC - Kiswahili,md@kbc.co.ke,"Ngong, Nairobi, Kenya", Kenya
Radio La Voix Du Nord,abdou.rvn@hotmail.fr,"Dzoumogne, Mayotte", Mayotte
Radio Alansaar,info@alansaar.co.za,"Johannesburg, South Africa", South Africa
SBC Paradise FM,Paradise.FM@sbc.sc,"Victoria, Seychelles", Seychelles
Radio Tataouine,info@radiotunis.com,"Remada, Tunisia", Tunisia
Radio Pulsar,info@monpulsar.com,"Ouagadougou, Burkina Faso", Burkina Faso
RADIOKRIO,MAFERECAMARA@YAHOO.COM,"Waterloo, Sierra Leone", Sierra Leone
Peace FM,daara90@gmail.com,"Accra, Ghana", Ghana
Radio El Bahdja,info@algerian-radio.dz,"Bordj El Bahri, Algeria", Algeria
XFM Kenya,info@xfm.co.ke,"Machakos, Kenya", Kenya
Vibe 91.9 FM,info@vibefm.com.gh,"Accra, Accra, Ghana", Ghana
Magic FM 92.9,elkindy24@hotmail.com,"Dar es Salaam, Tanzania", Tanzania
Mbabule FM,tam978@gmail.com,"Sembabule, Uganda", Uganda
Capital FM Malawi,music@capitalradiomalawi.com,"Blantyre, Malawi", Malawi
Kanaal 7,kanaal7@k7.com.na,"Katima Mulilo, Namibia", Namibia
Vibes 97.3 FM Benin,radio@vibesfm.com.ng,"Benin City, Nigeria", Nigeria
Al Quran Al Kareem,qurannet@ertu.org,"Cairo, Egypt", Egypt
KBC Kitwek FM,md@kbc.co.ke,"Eldoret, Kenya", Kenya
Africa N°1,africa@africa1.com,"Bangui, Central African Republic", Central African Republic
Nile FM,contactnrp@nileradioproductions.net,"Cairo, Egypt", Egypt
Magic FM Aba,info@magicfmnigeria.com,"Aba, Nigeria", Nigeria
RB2-Radio Botswana 2,asesinyi@gov.bw,"Gaborone, Botswana", Botswana
Pride FM,info@878pridefm.com,"Mtwara, Tanzania", Tanzania
VOT FM,votradio890@gmail.com,"Tabora, Tanzania", Tanzania
Radio Houtstok,info@radiohoutstok.co.za,"Johannesburg, South Africa", South Africa
Radio 2000,info@radio2000.co.za,"Durban North, South Africa", South Africa
Gagasi 99.5 FM,management@gagasi995.co.za,"Durban, South Africa", South Africa
Classic 105,info@classic105.com,"Nairobi, Kenya", Kenya
BBC World Service Antananarivo,bbcwsafrica@bbc.co.uk,"Antananarivo, Madagascar", Madagascar
CRI Nairobi,crieng@cri.com.cn,"Nairobi, Kenya", Kenya
CG FM Radio,info@cgfmradio.com,"Tabora, Tanzania", Tanzania
Radio Kwizera,missangadam@aol.com,"Ngara, Tanzania", Tanzania
Luxe Radio,info@luxeradio.ma,"Agadir, Morocco", Morocco
Bok Radio,info@bokradio.co.za,"Cape Town, South Africa", South Africa
UNAM Radio,rtyson@unam.na,"Windhoek, Namibia", Namibia
TWR Africa,info@twrafrica.org,"Mbabane, Swaziland", Swaziland
Radio Islam Malawi,info@radioislam.org.mw,"Blantyre, Malawi", Malawi
Radio Cairo,Webmaster@radiocairo.cjb.net,"Cairo, Egypt", Egypt
BOHYE 95.3 FM,info@bohyeonline.com,"Kumasi, Ghana", Ghana
Radio Mocambique,webmaster@rm.co.mz,"Maputo, Mozambique", Mozambique
Paradise FM,psdrammtg.edu.gmeh@u,"Kololi, Gambia", Gambia
Base FM,manager@basefm.com.na,"Windhoek, Namibia", Namibia
Al-Aghani,ads@elaghany.com,"Cairo, Egypt", Egypt
Kapital Radio 97.1,info@kapital971.com,"Kumasi, Ghana", Ghana
Dembe FM,Administration@ugamuziki.com,"Kampala, Uganda", Uganda
Magic FM,skarere@rba.co.rw,"Kigali, Kigali, Rwanda", Rwanda
Zambezi FM Radio,swithinhaangala@yahoo.com,"Livingstone, Zambia", Zambia
Africa N°1,africa@africa1.com,"Lomé, Togo", Togo
Digida Fm 106.5,info@digidafm.com,"Kampala, Uganda", Uganda
TransAfricaRadio.net,info@transafricaradio.net,"Johannesburg, South Africa", South Africa
Bush Radio,mother@bushradio.co.za,"Cape Town, South Africa", South Africa
Starr,webmaster@starrfmonline.com,"Accra, Ghana", Ghana
BBC World Service Bangui,bbcwsafrica@bbc.co.uk,"Bangui, Central African Republic", Central African Republic
LIVE FM,info@livefmghana.com,"Tesano, Ghana", Ghana
CLASSIC FM 97.3,info@classic97.net,"Lagos, Nigeria", Nigeria
Capp FM,info@cappfm.com,"Cotonou, Benin", Benin
SWAHIBA FM,info@swahibafm.com,"Zanzibar, Tanzania", Tanzania
Radio Medan El-Tahrir,info@radioeltahrir.com,"Cairo, Egypt", Egypt
Alliance 92,frequence92@live.fr,"Antananarivo, Madagascar", Madagascar
Sunlight FM,sunlightfm@wanadoo.fr,"Saint-Philippe, Reunion", Reunion
Radio Atlantis,rafm@mweb.co.za,"Atlantis, South Africa", South Africa
Radio Today,info@1485.org.za,"Johannesburg, South Africa", South Africa
BBC World Service Victoria,worldservice@bbc.co.uk,"Victoria, Seychelles", Seychelles
Homeboyz Radio,info@homeboyzradio.co.ke,"Nairobi, Kenya", Kenya
87.9 Planet FM,planetfmradio@gmail.com,"Morogoro, Tanzania", Tanzania
Vuma FM,info@vumafm.co.za,"Durban, South Africa", South Africa
Choice FM,production@choicefm.co,"Dar Es Salaam, Tanzania", Tanzania
Yarona FM,info@yaronafm.co.bw,"Gaborone, Botswana", Botswana
Omega FM,omegafm@omegafm.com,"Lomé, Togo", Togo
Flava FM,admin@flavafm.co.zm,"Kitwe, Zambia", Zambia
Radio Laghouat,info@radio-laghouat.dz,"Aflou, Algeria", Algeria
BBC World Service Khartoum,worldservice@bbc.co.uk,"Khartoum, Sudan", Sudan
L.A.C FM,lac@lacluanda.com,"Luanda, Luanda, Angola", Angola
234Radio,info@234radio.com,"Lagos, Nigeria", Nigeria
Gifts 105.5Fm,info@giftsfmonline.com,"Accra, Ghana", Ghana
Kantinka fm,info@kantinkafmonline.com,"Agona Swedru , Ghana", Ghana
Nostalgie Cameroun,info@nostalgie.cm,"Douala, Cameroon", Cameroon
E-FM Radio,info@efm.co.tz,"Dar es Salaam, Tanzania", Tanzania
Zik FM,info@zikfm.net,"Dakar, Senegal", Senegal
GBC Obonu FM,info@gbcghana.com,"Accra, Ghana", Ghana
Radio Voix des Jeunes de Kita,radio@voixdesjeunes-kita.ml,"Kita, Mali, Mali", Mali
Radio Coran,contact@radio-coran.net,"Algiers, Algiers, Algeria", Algeria
CRTV,fm94@crtv.cm,"Yaoundé, Cameroon", Cameroon
Radio 99,comercial@99fm.co.mz,"Maputo, Em primeiro lugar em todo lugar, Mozambique", Mozambique
Radio Don Bosco,rdb@radiodonbosco.org,"Antananarivo, Madagascar", Madagascar
Radio Maria (Malawi), radiomaria@africa-online.net,"Blantyre, Malawi", Malawi
104.9 Ssuubi FM Kampala,abmasembe.md@ssuubifmradio.com,"Kampala, Uganda", Uganda
Hitz FM,info@myjoyonline.com,"Accra, Ghana", Ghana
Radio Okapi,info@hirondelle.org,"Kinshasa, DR Congo", DR Congo
GhRadio1,info@radio1ghana.com,"Bunso, Ghana", Ghana
ZENJI FM,info@zenjfmradio.com,"Zanzibar, Tanzania", Tanzania
YFM,eadu@gmaworld.com,"Kumasi, Ghana", Ghana
Top 103.1,info@topradioghana.com,"Accra, Ghana", Ghana
Moonlite FM,info@moonlitefm.com,"Sunyani, Ghana", Ghana
Top Congo FM,info@topcongo.info,"Kinshasa, DR Congo", DR Congo
Groot FM,grootfm@xpbroadcasting.com,"Pretoria, South Africa", South Africa
Lotus FM,info@lotusfm.co.za,"Tygerberg Hills, South Africa", South Africa
Radio 99,99fm@99fm.com.na,"Klein Windhoek, Namibia", Namibia
Cool FM 96.9 Kano,rcahilig@coollink.us,"Kano, Nigeria", Nigeria
Radio Megamind,info@fm12.net,"Khartoum, Sudan", Sudan
Icengelo Radio,radioice@zamtel.zm,"Kitwe, Zambia", Zambia
ZiFM Stereo,info@zifmstereo.co.zw,"Harare, Zimbabwe", Zimbabwe
Radio Top FM,top-fm@wanadoo.fr,"Manapany-les Hauts, Le Tampon, Reunion", Reunion
LM Radio,info@lmradio.net,"Maputo, Mozambique", Mozambique
Kyzz Fm,info@kyzzfmonline.com,"Takoradi, Ghana", Ghana
BakGat Radio,bakgatradio@gmail.com,"Johannesburg, South Africa", South Africa
Radio Phoenix,rphoenix@zamnet.zm,"Kitwe, Zambia", Zambia
Radio Maria,info.tan@radiomaria.org,"Dar es Salaam, Tanzania", Tanzania
KFM,kfm@kfm.co.za,"Cape Town, South Africa", South Africa
Radio Maria (Malawi), radiomaria@africa-online.net,"Mangochi, Malawi", Malawi
Brila FM,info@brila.net,"Lagos, Nigeria", Nigeria
Radio Saida,info@saidafm.com,"Saida, Algeria", Algeria
COUNTRY FM,countryfm5@yahoo.com,"Iringa, Tanzania", Tanzania
Ukhozi FM,nzimandew@sabc.co.za,"Johannesburg, South Africa", South Africa
PureFM (Seychelles),90.7@purefm.sc,"Victoria, Seychelles", Seychelles
Jacaranda Afrikaans,advertensieguru@ja.fm,"Johannesburg, South Africa", South Africa
Rite 90.1 Fm,info@ritefmonline.com,"Somanya, Ghana", Ghana
Radio Omega FM Ouaga,omegafm@omegabf.net,"Ouagadougou, Burkina Faso", Burkina Faso
Capital Radio,info@capitalradio.co.tz,"Dar es Salaam, Tanzania", Tanzania
Amplitude FM,contact@cameroon-info.net,"Yaounde, Cameroon", Cameroon
Radio Maranatha,fmradiomaranatha@gmail.com,"Kabwe, Zambia", Zambia
SAFM,tshiradost@safm.co.za,"Johannesburg, South Africa", South Africa
702,702webmaster@702.co.za,"Johannesburg, South Africa", South Africa
Radio JVA,radiojva@yahoo.fr,"Lomé, Togo", Togo
Radio10,contact@radio10.rw,"Kigali, Rwanda", Rwanda
El Gouna Radio,romolo1@romolo.com,"Hurghada, Egypt", Egypt
Radio Maria,radiomariarwanda@gmail.com,"Kigali, Rwanda", Rwanda
BBC World Service Nairobi,bbcwsafrica@bbc.co.uk,"Nairobi, Nairobi, Kenya", Kenya
KT Radio,info@ktradio.rw,"Kigali, Rwanda", Rwanda
Justice FM,info@radiojusticeonline.com,"Tamale, Ghana", Ghana
Gambia Radio GRTS,info@accessgambia.com,"Bonto, Gambia", Gambia
Star FM 96.6 Banjul,starfmgambia@yahoo.com,"Sere Kunda, Gambia", Gambia
O FM 107.7,ofmghanaonline@gmail.com,"Kumasi, Ghana", Ghana
Voice of Teso Radio,info@imbaraga.com,"Teso, Uganda", Uganda
Arua One FM,tam978@gmail.com,"Arua, Uganda", Uganda
BBC World Service Accra,bbcwsafrica@bbc.co.uk,"Accra, Accra, Ghana", Ghana
Link FM,info@linkfm.co.za,"East London, South Africa", South Africa
Mango 96 FM,Contact@mango96.com,"Omdurman, Sudan", Sudan
YONECO FM,panjiharawa@yoneco.org.mw,"Zomba, Malawi", Malawi
Lesedi FM,mothibipm@sabc.co.za,"Johannesburg, South Africa", South Africa
Radio One R1,redaction@r1.mu,"Port Louis, Mauritius", Mauritius
Radio Islam,support@radioislam.org.za,"Johannesburg, South Africa", South Africa
Africa N°1,africa@africa1.com,"Porto-Novo, Benin", Benin
Seychelles Lounge Radio,contact@fmseychelles.com,"Victoria, Seychelles", Seychelles
Alrabaa 94 FM,info@alrabaafm.com,"Khartoum, Sudan", Sudan
Upendo FM,info@elctecd.org,"Dar es Salaam, Tanzania", Tanzania
Radio Maria (Zambia),director.zam@radiomaria.org,"Chipata, Northeast, Zambia", Zambia
Qiblaten FM,info@dhinureyn.com,"Iringa, Tanzania", Tanzania
KBC - English,md@kbc.co.ke,"Nairobi, Nairobi, Kenya", Kenya
Radio Fahazavana,fahazavana@dts.mg,"Faravohitra, Antananarivo, Madagascar", Madagascar
BBC World Service English Bay,bbcwsafrica@bbc.co.uk,"Edinburgh of the Seven Seas, St. Helena", St. Helena
NBC Lozi,fzinner@nbc.na,"Klein Windhoek, Namibia", Namibia
HOT 91.9fm,onair@hot919.co.za,"Randburg, South Africa", South Africa
Saint FM,fm@cwimail.sh,"Jamestown, St. Helena", St. Helena
Radio One,info@radio1.co.tz,"Dar es Salaam, Tanzania", Tanzania
Radio Relizane,contact@radiorelizane.net,"Algiers, Algeria", Algeria
Radio Maria (Tanzania),info.tan@radiomaria.org,"Arusha, Arusha Region, Tanzania", Tanzania
Ultimate 106.9fm,info@ultimate1069.com,"Kumasi, Ghana", Ghana
Chaîne Nationale RTS,rts@rts.sn,"Dakar, Senegal", Senegal
SW Radio Africa,news@swradioafrica.com,"Avoca, Zimbabwe", Zimbabwe
Lekker FM,info@lekkerfm.com,"Johannesburg, South Africa", South Africa
viva radio madagascar,viva.infog@blueline.mg,"Antananarivo, Madagascar", Madagascar
Upendofm Eldoret Kenya,info@upendofm.org,"Eldoret, Kenya", Kenya
BBC World Service Mbarara,bbcwsafrica@bbc.co.uk,"Mbarara, Mbarara, Uganda", Uganda
Anapua FM,info@anapuafm.com,"Kenyasi, Ghana", Ghana
Radio Nationale,ard_at@yahoo.de,"Boukrim, Tunisia", Tunisia
Mines FM,info@minesfm.com,"Gafsa, Tunisia", Tunisia
Fish Fm,info@fishkenya.net,"Eldoret, Kenya", Kenya
East Coast Radio,studio@ecr.co.za,"Durban, South Africa", South Africa
Africa N°1,africa@africa1.com,"Ouagadougou, Ouagadougou, Burkina Faso", Burkina Faso
Munghana Lonene FM,mlfm@sabc.co.za,"Johannesburg, South Africa", South Africa
BBC World Service Abidjan,worldservice@bbc.co.uk,"Abidjan, Côte d'Ivoire", Côte d'Ivoire
Radio Maria (Uganda),coordinator.uga@radiomaria.org,"Kampala, Mbarara, Uganda", Uganda
Kessben FM,info@kessbenfm.com,"Kumasi, Ghana", Ghana
Happy 98.9 FM,info@happyghana.com,"Accra, Ghana", Ghana
Touch FM,95.9@touch.fm,"Kampala, Uganda", Uganda
Beat FM,technical@capitalfm-ug.com,"Kampala, Uganda", Uganda
Kiss FM,kissmf@saharamedia.co.tz,"Dar es Salaam, Tanzania", Tanzania
Ma-FM,sidonie@matv.mg,"Antananarivo, Madagascar", Madagascar
ATL FM 100.5MHZ,webmaster@atlfmonline.com,"Cape Coast, Ghana", Ghana
Impact 103,radio@impactradio.co.za,"Pretoria, Pretoria, South Africa", South Africa
PE FM,info@pefm.co.za,"Port Elizabeth, South Africa", South Africa
Radio Setif,contact.radio.setif@gmail.com,"Sétif, Algeria", Algeria
Jeppe FM,info@jeppefm.tk,"Johannesburg, South Africa", South Africa
Medeamaa,medeamaa929fm@gmail.com,"Tarkwa, Ghana", Ghana
Rockcity FM,info@rockcityfmradio.com,"Abeokuta, Nigeria", Nigeria
Algoa FM,info@algoafm.co.za,"East London, Eastern Cape Prov., South Africa", South Africa
Radio Christian Voice Zambia,voicefm@zamnet.zm,"Kitwe, Zambia", Zambia
Africa N°1,africa@africa1.com,"Douala, Cameroon", Cameroon
Hot FM,pagegroupmedia@gmail.com,"Accra, Ghana", Ghana
Breeze 90.9FM,breezefmgh@gmail.com,"Accra, Ghana", Ghana
Umhlobo Wenene FM,magwan@sabc.co.za,"Port Elizabeth, South Africa", South Africa
Africa N°1,africa@africa1.com,"Dakar, Senegal", Senegal
Radio Ecclesia,info@radioecclesia.org,"Luanda, Luanda, Angola", Angola
Top Radio FM,info@topradio.co.tz,"Morogoro, Tanzania", Tanzania
Believers Broadcasting Network SL,admin@bbn-sl.org,"Freetown, Sierra Leone", Sierra Leone
Ngola Radio,ngolaradio1@hotmail.com,"Luanda, Angola", Angola
Afro FM,info@afro105fm.com,"Addis Abeba, Ethiopia", Ethiopia
Velly Music,jimvelly@gmail.com,"Saint-Paul, Le Port/Saint-Paul, Reunion", Reunion
Shems FM,contact@shemsfm.net,"Gafsa, Tunisia", Tunisia
90.6 FM Stereo,vcr906fm@gmail.com,"Vereeniging, South Africa", South Africa
Radio Burkina,radio@rtb.bf,"Ouagadougou, Burkina Faso", Burkina Faso
Easy FM,info@easyfm.co.ke,"Nairobi, Kenya", Kenya
Capital FM,digital@capitalfm.co.ke,"Nairobi, Kenya", Kenya
BBC World Service Bigara,bbcwsafrica@bbc.co.uk,"Port Louis, Mauritius", Mauritius
Ligwalagwala FM,ligwalagwalafm@sabc.co.za,"Pretoria, South Africa", South Africa
Energy 100 FM,studio@energy100fm.com,"Klein Windhoek, Namibia", Namibia
Liberty Radio English,libertyradiong@gmail.com,"Kaduna, Nigeria", Nigeria
Radio Hits,contact@radiohits.co,"Cairo, Egypt", Egypt
NBC Rukavango,fzinner@nbc.na,"Klein Windhoek, Namibia", Namibia
BBC World Service Dar es Salaam,bbcwsafrica@bbc.co.uk,"Dar es Salaam, Dar es Salaam, Tanzania", Tanzania
Radio Zone 100.7,Info@RadioZone.ly,"Tripoli, Libyan Arab Jamahiriya", Libyan Arab Jamahiriya
Capital FM,saulsounds@gmail.com,"Banjul, Gambia", Gambia
Radio IFM,contact@ifm.tn,"Tunis, Tunisia", Tunisia
Nostalgie FM,commercial@nostalgie.sn,"Dakar, Senegal", Senegal
Hero Radio,info@hero.co.ke,"Nakuru, Kenya", Kenya
Hindvani Radio,sales@hindvani.co.za,"Durban, South Africa", South Africa
Ghetto Radio,info@ghettoradio.co.ke,"Nairobi, Kenya", Kenya
Nigeriainfo FM 92.3 PH,rcahilig@coollink.us,"Port Harcourt, Nigeria", Nigeria
Ukhozi FM,nzimandew@sabc.co.za,"Durban, South Africa", South Africa
Radio Maria (Togo),director.tog@radiomaria.org,"Lomé, Togo", Togo
Bukedde FM 100.5,tam978@gmail.com,"Kampala, Uganda", Uganda
Radio Tunis Jeunes,radio.jeunes@radiotunisienne.tn,"Tunis, Tunisia", Tunisia
Radio Lome,radiolome@radiolome.tg,"Lomé, Togo", Togo
Omulunga Radio,omulunga @ omulunga.com.na,"Klein Windhoek, Namibia", Namibia
GoodHope FM,amanda@goodhopefm.co.za,"Cape Town, South Africa", South Africa
KBC R Taifa,md@kbc.co.ke,"Nairobi, Kenya", Kenya
Winners FM,info@winnersfm.com,"Techiman, Ghana", Ghana
Radio Sfax,info@radiotunis.com,"Sfax, Tunisia", Tunisia
HighLife Radio,info@highliferadio.com,"Accra, Ghana", Ghana
Umhlobo Wenene FM,magwan@sabc.co.za,"Johannesburg, South Africa", South Africa
Ouaga FM,radio.ouaga@yahoo.fr,"Ouagadougou, Burkina Faso", Burkina Faso
ZNBC Radio 4,hyde.haguta@znbc.co.zm,"Lusaka, Lusaka, Zambia", Zambia
Voice Radio,Contact@voiceradio.co,"Bangui, Central African Republic", Central African Republic
Free FM,info@freefm.org.nz,"Accra, Ghana", Ghana
Icengelo Radio,radioice@zamtel.zm,"Kaloko, Zambia", Zambia
1 fm,ericit@1fm.co.ke,"Nairobi, Kenya", Kenya
Contact FM,info@contactfm.co.rw,"Kigali, Rwanda", Rwanda
Metro 97.7 FM,info@metro977.fm,"Lagos, Nigeria", Nigeria
Jozi FM,tshepojnr@jozifm.co.za,"Soweto, South Africa", South Africa
Flash FM Rwanda,info@flashfm.rw,"Kigali, Rwanda", Rwanda
Trinity 96.7 fm,info@mytrinityfmonline.com,"Bogoso, Ghana", Ghana
Sky One Radio,contact@skyonecameroun.com,"Yaounde, Cameroon", Cameroon
Radio Tunis International,rtci@radiotunisienne.tn,"Tunis, Tunisia", Tunisia
Rail Bi FM 101.3,railbifm@gmail.com,"Dakar, Senegal", Senegal
Radio Continental,contactus@rc1023.fm,"Ikosi, Nigeria", Nigeria
Royal FM,info@theroyalfm.com,"Yenagoa, Nigeria", Nigeria
Radio Jam,jamfm@aviso.ci,"Abidjan, Côte d'Ivoire", Côte d'Ivoire
MBC Radio Rodrigues,customercare@mbc.intnet.mu,"Citronelle, Rodrigues Island, Mauritius", Mauritius
Radio Cocody FM,info@radiococodyfm.com,"Abidjan, Côte d'Ivoire", Côte d'Ivoire
Radio Mauritanie,info@radiomauritanie.mr,"Nouakchott, Mauritania", Mauritania
Radio Maranatha,maranatha.fm@serv.eit.bj,"Cotonou, Benin", Benin
MFM 92.6,sm@mfm.sun.ac.za,"Stellenbosch, South Africa", South Africa
Radio Gafsa,info@radiotunis.com,"Gafsa, Tunisia", Tunisia
Nigeriainfo FM 99.3 Lagos,info@nigeriainfo.fm,"Lagos, Nigeria", Nigeria
Radio Jambo,info@radiojambo.co.ke,"Nairobi, Kenya", Kenya
Radio Mauritanie,info@radiomauritanie.mr,"Nouakchott, Mauritania", Mauritania
Cool FM 96.9 Abuja,rcahilig@coollink.us,"Abuja, Nigeria", Nigeria
Times fm,info@timesfm.co.tz,"Dar Es Salaam, Tanzania", Tanzania
SRTC FM 100,fm100@sudanradio.info,"Omdurman, Sudan", Sudan
Radio Tiemeni Siantou,info@cameroonvoice.com,"Yaoundé, Cameroon", Cameroon
Radiocity,info@radiocity.ug,"Kampala, Uganda", Uganda
Radio Annaba,annabafm@gmail.com,"Annaba, Algeria", Algeria
Sweet Melodies FM,sweetmelodiesfm@gmail.com,"Accra, Ghana", Ghana
TUKS FM,info@tuksfm.co.za,"Pretoria, South Africa", South Africa
ZNBC Radio 2,hyde.haguta@znbc.co.zm,"Lusaka, Lusaka, Zambia", Zambia
Mostaganem FM,contact@radiomostaganem.net,"Algiers , Algeria", Algeria
Al Nour FM,radio@radio-mali.ml,"Koulikoro, Mali", Mali
Lutheran Radio Centre,redio@elct.org,"Moshi, Tanzania", Tanzania
Voice of Wits,info@vowfm.co.za,"Johannesburg, South Africa", South Africa
RTS Radio 1,rts@rts.n,"Dakar, Senegal", Senegal
TWR Voice of the Church,info@twrafrica.org,"Lavumisa, Swaziland", Swaziland
Wazobia FM 95.1 Lagos,rcahilig@coollink.us,"Lagos, Nigeria", Nigeria
Citi FM,info@citifmonline.com,"Accra, Ghana", Ghana
Power fm,info@powerfm.co.ug,"Kampala, Uganda", Uganda
Urban Hit,contact@urbanhit.fm,"Saint-Denis, Reunion", Reunion
Space FM,info@spacefmghana.com,"Sunyani, Ghana", Ghana
Nogoum FM,contactnrp@nileradioproductions.net,"Cairo, Egypt", Egypt
Rahma Radio 97.3,rahmaradio@yahoo.com,"Kano, Nigeria", Nigeria
Mlimani FM,sjmc@udsm.ac.tz,"Dar es Salaam, Tanzania", Tanzania
Atlantic Radio,info@atlanticradio.ma,"Casablanca, Morocco", Morocco
EXO FM,gtmoi974@yahoo.fr,"Saint-Denis, Reunion", Reunion
Kass FM,info@kassfm.co.ke,"Nairobi, Kenya", Kenya
BBC World Service Wad Madani,worldservice@bbc.co.uk,"Wad Madani, Sudan", Sudan
Paragon 99.9,info@paragon999.com,"Takoradi, Ghana", Ghana
Sankofa Radio,info@sankofaradio.com,"Kumasi, Ghana", Ghana
RB1-Radio Botswana,asesinyi@gov.bw,"Gaborone, Botswana", Botswana
AGOO EAST,info@agooeast.com,"NkawKaw, KW, Ghana", Ghana
Alpha Fm,damasese@operamail.com,"Kampala, Uganda", Uganda
Eko FM,"INFO@RADIOLAGOSEKOFM.NET,","Lagos, Nigeria", Nigeria
Atinka 104.7 FM,info@atinkaonline.com,"Accra, Ghana", Ghana
Agoro na eye de, info@agorofmonline.com,"Berekum, Ghana", Ghana
TWR Africa,info@twrafrica.org,"Blantyre, Malawi", Malawi
Bryt Fm,info@brytfmonline.com,"Koforidua, Ghana", Ghana
Radio Madagascar > RNA Antalaha,contact@rna-madagascar.com,"Antalaha, Madagascar", Madagascar
Fox FM,info@fox979.com,"Kumasi, Ghana", Ghana
Radio Maria (Rwanda), radiomariarwanda@gmail.com,"Kigali, Rwanda", Rwanda
KBC - Kiswahili,md@kbc.co.ke,"Limuru, Nairobi, Kenya", Nairobi
Gabz FM,mail@gabzfm.com,"Gaborone, Botswana", Botswana
Radio Des Jeunes FM,contact@rdeejay.net,"Antananarivo, Madagascar", Madagascar
88.1 Ssuubi FM Masaka,abmasembe.md@ssuubifmradio.com,"Masaka, Uganda", Uganda
Morning Star Radio,info@morningstaradio.or.tz,"Dar es Salaam, Tanzania", Tanzania
Radio N'Gola Yetu RNA,rna@rna.ao,"Luanda, Angola", Angola
BBC World Service Dakar,bbcwsafrica@bbc.co.uk,"Dakar, Senegal", Senegal
Radio Waumini,it@radiowaumini.org,"Nairobi, Kenya", Kenya
Savane FM,contact@savanefm.net,"Ouagadougou, Burkina Faso", Burkina Faso
BBC World Service Mombasa,bbcwsafrica@bbc.co.uk,"Mombasa, Mombasa, Kenya", Kenya
KBC Mayienga FM,kisumu.staions@kbc.co.ke,"Kisumu, Kenya", Kenya
Boss FM,bossfmonline@yahoo.com,"Kumasi, Ghana", Ghana
Capital Radio,info@capitalradiosudan.com,"Khartoum, Sudan", Sudan
Wild Coast FM,studio@wildcoastfm.co.za,"East London, South Africa", South Africa
KOI FM,direct@koifm.re,"LE PORT, Reunion", Reunion
Radio Ngoma,admin@rnafizi.net,"Fizi, DR Congo", DR Congo
Joy FM,info@myjoyonline.com,"Accra, Ghana", Ghana
Lamp Fall FM,fallamptv@gmail.com,"Dakar, Senegal", Senegal
Radio Phoenix,rphoenix@zamnet.zm,"Lusaka, Zambia", Zambia
ORTM Chaine 2,ortm@ortm.ml,"Bamako, Mali", Mali
Pravda Radio,info@pravdaradioonline.com,"Accra, Ghana", Ghana
Imani Radio,Info@imaniradio.org,"Kitale, Kenya", Kenya
Fun Radio Reunion,radio@funradio.re,"Saint-Denis, Reunion", Reunion
Paradise FM,psdrammtg.edu.gmeh@u,"Farafenni, Gambia", Gambia
Radio Unitas,unitasdbg@voil%C3%A0.fr,"Diebougou, Burkina Faso", Burkina Faso
Rainbow FM,info@rainbowfm.co.za,"Johannesburg, South Africa", South Africa
Ogun Radio,info@ogunradio.com,"Abeokuta, Nigeria", Nigeria
Alpha Radio,alpharadio1049@yahoo.com,"Kumasi, Ghana", Ghana
Impact Fm Kampala Uganda,info@victoryuganda.org,"Kampala, Kampala, Uganda", Uganda
AYV Radio,info@ayvradio.com,"Freetown, Sierra Leone", Sierra Leone
Thobela FM,Thobelafm@sabc.co.za,"Johannesburg, South Africa", South Africa
RADIO KHERI,ramapride@878pridefm.com,"Dar es Salaam, Tanzania", Tanzania
BBC World Service Maputo,bbcwsafrica@bbc.co.uk,"Maputo, Mozambique", Mozambique
Kapital FM,info@radionigeria.net,"Abuja, Nigeria", Nigeria
City 105.1 FM,obioma@city1051fm.com,"Ikeja, Nigeria", Nigeria
Express FM,contact@expressfm.tn,"Tunis, Tunisia", Tunisia
Radio Maxx 105.1 FM,info@radiomaxxonline.com,"Sekondi-Takoradi, Ghana", Ghana
Radio Huruma,radiohuruma@gmail.com,"Tanga, Tanzania", Tanzania
Mama FM,umwa@africaonline.co.ug,"Mamba, FM, Uganda", Uganda
Studio Ijambo,mdiego@sfcg.org.bi,"Bujumbura, Burundi", Burundi
Radio 5,rna@rna.ao,"Luanda, Angola", Angola
Africa N°1,africa@africa1.com,"Niamey, Niger", Niger
LibyanaHITS FM,info@libyanahits.fm,"Benghazi, Libyan Arab Jamahiriya", Libyan Arab Jamahiriya
nananom fm,nananom92.5fm@gmail.com,"Goaso, Ghana", Ghana
BBC World Service Bujumbura,bbcwsafrica@bbc.co.uk,"Bujumbura, Burundi", Burundi
Radio Regionale,mail@aintemouchentfm.com,"'Ain Temouchent, Algeria", Algeria
Arusha Mambo FM,emtowe@arushamambo.com,"Arusha, Tanzania", Tanzania
Hot FM,info@hot877.com,"Lusaka, Zambia", Zambia
The Beat,enquiries@thebeat99.com,"Lagos, Nigeria", Nigeria
Angel FM,info@angelfmonline.com,"Kumasi, Ghana", Ghana
Radio 9090,info@mobtada.com,"Cairo, Egypt", Egypt
SaharaMedia FM,saharamedias@gmail.com,"Nouakchott, Mauritania", Mauritania
MBC Taal FM,customercare@mbc.intnet.mu,"Port Louis, Mauritius", Mauritius
Radio Luanda RNA,rluanda@rna.ao,"Luanda, Angola", Angola
102.7 NAIJA FM,info@naija102.com,"Lagos, Nigeria", Nigeria
Jesus is Lord Radio,jesusislord.fmradio@gmail.com,"Nakuru, Kenya", Kenya
Chaîne Inter RTS,rts@rts.sn,"Dakar, Senegal", Senegal
Ark FM 107.1 MHz,info@myarkfmonline.com,"Sunyani, Ghana", Ghana
Dala FM,info@dalafmkano.com,"Dala, Nigeria", Nigeria
HHC Alive FM Radio,info@hhcalivefm.org,"Mwanza, Tanzania", Tanzania
Metro 94.1 FM,samson.deen@metro941.fm,"Kumasi, Ghana", Ghana
Tripoli FM,info@tripolifm.ly,"Tripoli, Libyan Arab Jamahiriya", Libyan Arab Jamahiriya
BBC World Service Freetown,bbcwsafrica@bbc.co.uk,"Freetown, Sierra Leone", Sierra Leone
BBC World Service Bamako,worldservice@bbc.co.uk,"Bamako, Bamako, Mali", Mali
SFM - SOICO FM,sfm@soico.co.mz,"Maputo, Mozambique", Mozambique
Skyy Power FM,info@skyypowerfmonline.com,"Takoradi, Ghana", Ghana
Shabab Libya FM,info@101LY.com,"Benghazi, Libyan Arab Jamahiriya", Libyan Arab Jamahiriya
Wazobia FM 94.1 PH,info@wazobiafm.com,"Port Harcourt, Rivers, Nigeria", Nigeria
Radio Biskra,radio.biskra@gmail.com,"Biskra, Algeria", Algeria
GHRadio1,contact@ghradio1.com,"Kumasi, Ghana", Ghana
KBC - Western,md@kbc.co.ke,"Kisumu, Kenya", Kenya
Eldos FM,missb@eldosfm.co.za,"Johannesburg, South Africa", South Africa
Africa N°1,africa@africa1.com,"N'Djamena, Chad", Chad
Radio Tygerberg FM,willem@104fm.org.za,"Bellville, South Africa", South Africa
Radio Tunis Culture,radio.culturelle@radiotunisienne.tn,"Remada, Tunisia", Tunisia
The Voice of the Cape,info@vocfm.co.za,"Tygerberg Hills, South Africa", South Africa
Radio Maria (Rwanda),radiomariarwanda@gmail.com,"Kigali, Rwanda", Rwanda
Radio Madjoura Touba, madjourafm@gmail.com,"Touba, Mali", Mali
Radio 2000,info@radio2000.co.za,"Parsons Hill, South Africa", South Africa
Africa N°1,africa@africa1.com,"Abidjan, Côte d'Ivoire", Côte d'Ivoire
Buddu Fm,info@imbaraga.com,"Masaka, Uganda", Uganda
Hope FM,info@hopefm.org,"Nairobi, Kenya", Kenya
Espace FM,services@espacefmguinee.info,"Conakry, Guinea", Guinea
Radio Comores,naynour@hotmail.com,"Moroni, Comoros", Comoros
Sheger 102.1 FM,info@shegerfm.com,"Addis Abeba, Ethiopia", Ethiopia
Radio Canal 2000,canal2000@spider.toolnet.org,"Bamako, Mali", Mali
Radio Vie Reunion,radiovie@orange.fr,"Saint-Denis, Reunion", Reunion
Classic FM,info@classicfm.co.za,"Johannesburg, South Africa", South Africa
Radio Rwanda,skarere@rba.co.rw,"Kigali, Kigali, Rwanda", Rwanda
Radio Skikda,info@radio-skikda.dz,"Skikda, Algeria", Algeria
Liberty Radio Hausa,libertyradiong@gmail.com,"Kaduna, Nigeria", Nigeria
Africa N°1,africa@africa1.com,"Yaoundé, Cameroon", Cameroon
Freedom Radio,info@freedomradionig.com,"Kano, Nigeria", Nigeria
SeneRadio FM,senegalmusique@gmail.com,"Dakar, Senegal", Senegal
Radio Freedom FM,freedom@guetali.fr,"Saint-Denis, Reunion", Reunion
Réveil FM,contactez webmaster@disnet.8k.com,"Kinshasa, DR Congo", DR Congo
Shalom FM,info@berekumcity.com,"Berekum, Ghana", Ghana
VIRGIN CITY RADIO,virgincityfm@yahoo.com,"KONONGO, Ghana", Ghana
Rainbow 94.1 FM,balogun.olakunle@rainbow941.fm,"Isheri-Olofin, Nigeria", Nigeria
Radio Pacis,tonino.p.arua@radiopacis.org,"Arua, Uganda", Uganda
Radio Mars,"contact@radiomars.ma        ""","Casablanca, Morocco", Morocco
Radio Sonder Grense,rekenaar@rsg.co.za,"Durban, South Africa", South Africa
Kass FM,info@kassfm.co.ke,"Mombasa, Kenya", Kenya
ZNBC Radio 2,hyde.haguta@znbc.co.zm,"Kitwe, Zambia", Zambia
Sunsum FM,info@sunsumfmonline.com,"Kumasi, Ghana", Ghana
Akasanoma Radio Ghana,ANTHONYVELSCO@GMAIL.COM,"Accra, Ghana", Ghana
Radio Democracy, info@radiodemocracy.sl,"Freetown, Sierra Leone",Sierra Leone
91.2 Crooze FM,info@croozefm.com,"Mbarara, Uganda", Uganda
R Tunis Nationale,info@radiotunis.com,"Tunis, Tunisia", Tunisia
KBC Coro FM,corofm@kbc.co.ke,"Nairobi, Kenya", Kenya
Radio Ndeke Luka,princegboute@hotmail.fr,"Bangui, Central African Republic", Central African Republic
Radio Voanio,radio@voanio.com,"Toamasina, Madagascar", Madagascar
GBC Uniiq FM,info@gbcghana.com,"Accra, Ghana", Ghana
Anidaso 101.5 FM,info@anidasofm.com,"Japekrom, Ghana", Ghana
Calvary Radio,Comments@Calvary105.com,"Soroti, Uganda", Uganda
Royal FM 95.1 Ilorin,radio951@royalfm.net,"Ilorin, Nigeria", Nigeria
Radio Balafon,contact@radiobalafon.com,"Douala, Cameroon", Cameroon
UJFM,enquiries@ujfm.co.za,"Johannesburg, South Africa", South Africa
BBC World Service Maseru,bbcwsafrica@bbc.co.uk,"Maseru, Lesotho", Lesotho
Lotus FM,info@lotusfm.co.za,"Durban, South Africa", South Africa
BBC World Service Ouagadougou,worldservice@bbc.co.uk,"Ouagadougou, Ouagadougou, Burkina Faso", Burkina Faso
RSL Radio,contact@rslradio.fm,"La Riviere, Reunion", Reunion
FoP Radio,fopnetwork@gmail,"Moyamba, Sierra Leone", Sierra Leone
Zami 90.7 FM,contact@zamiradio.com,"Addis Ababa, Ethiopia", Ethiopia
Y FM,yfm@yfm.co.za,"Johannesburg, South Africa", South Africa
Radio C-Flat,radcflat@iafrica.com,"Cape Town, South Africa", South Africa
Smooth 98.1,info@smooth981.fm,"Lagos, Nigeria", Nigeria
ZNBC Radio 4,hyde.haguta@znbc.co.zm,"Kitwe, Zambia", Zambia
Radio Helderberg,contact@radiohelderberg.co.za,"Helderberg, South Africa", South Africa
Ghana Today Radio,info@ghanatoday.com,"Accra, Ghana", Ghana
Africa N°1,africa@africa1.com,"Libreville, Gabon", Gabon
Cool FM 96.9 Lagos,rcahilig@coollink.us,"Lagos, Nigeria", Nigeria
Wazobia FM 99.5 Abuja,rcahilig@coollink.us,"Abuja, Nigeria", Nigeria
A1 Radio 101.1MHz,info@a1radioonline.com,"Bolgatanga, Ghana", Ghana
Khartoum FM,admin@kfm89.net,"Khartoum, Sudan", Sudan
BBC World Service Kinshasa,bbcwsafrica@bbc.co.uk,"Kinshassa, Congo", Congo
Cool FM 95.9 PH,rcahilig@coollink.us,"Port Harcourt, Nigeria", Nigeria
Africa N°1,africa@africa1.com,"Bamako, Mali", Mali
Radio 2M,srafie@2m.ma,"Rabat, Morocco", Morocco
Etop FM 99.4,info@sayituganda.com,"Soroti, Uganda", Uganda
Medi 1,medi1@medi1.com,"Tangier, Morocco", Morocco
EBONY FM,info@ebonyfm.com,"Iringa, Tanzania", Tanzania
Coal City FM,info@radionigeria.net,"Enugu, Nigeria", Nigeria
Taranga FM,alagie72@yahoo.com,"Banjul, Gambia", Gambia
SplashFM,info@splashfm1055.com,"Ibadan, Nigeria", Nigeria
House Frequency,info@housefrequency.net,"Johannesburg, South Africa", South Africa
Radio Kef,info@radiotunis.com,"El Kef, Tunisia", Tunisia
Radio Safina,dchristlife@yahoo.com,"Arusha, Tanzania", Tanzania
Radio Jawhara,ridhabnj@gmail.com,"Sousse, Tunisia", Tunisia
Xlive Africa,info@xliveafrica.com,"Accra, Greater Accra, Ghana", Ghana
729AM Cape Pulpit,gospel@capepulpit.co.za,"Bellville, South Africa", South Africa
Radio Algerienne Culture,info@algerian-radio.dz,"Algiers, Algeria", Algeria
Radio Maria (Rwanda),radiomariarwanda@gmail.com,"Kigali, Rwanda", Rwanda
Radio Oasis Fm,contact@oasisfm.tn,"Gabès, Tunisia", Tunisia
Radio Tabalé,radiotable@yahoo.fr,"Bamako, Mali", Mali
